This is METAFONT, Version 2.71828182 (preloaded base=mf 2024.2.25)  25 MAR 2024 16:22
**\mode:=ljfour; mag:=1020/600; nonstopmode; input ecss0
(/home/xing/.texlive/texmf-var/fonts/source/jknappen/ec/ecss0.mf
(/usr/share/texmf-dist/fonts/source/jknappen/ec/exbase.mf)
(/usr/share/texmf-dist/fonts/source/jknappen/ec/ecss.mf
(/usr/share/texmf-dist/fonts/source/jknappen/ec/exroman.mf
 Ok (/usr/share/texmf-dist/fonts/source/jknappen/ec/exaccess.mf
 Ok) (/usr/share/texmf-dist/fonts/source/jknappen/ec/expseudo.mf
 Ok) (/usr/share/texmf-dist/fonts/source/jknappen/ec/exruwest.mf
 Ok
! Square root of -1084.47235 has been replaced by 0.
diag_ratio->...((EXPR2)*((EXPR5)++(EXPR4)*sqrt.a_)
                                                  -b_*(EXPR5))/a_/(EXPR4)end...
<for(1)> ...o(2,left_stem,y2-y1,x4r-x1l-apex_corr)
                                                  ;penpos1(alpha*left_stem,0...
l.87 repeat_once
                ;
Since I don't take square roots of negative numbers,
I'm zeroing this one. Proceed, with fingers crossed.

! Square root of -661.19774 has been replaced by 0.
diag_ratio->...((EXPR2)*((EXPR5)++(EXPR4)*sqrt.a_)
                                                  -b_*(EXPR5))/a_/(EXPR4)end...
<for(%CAPSULE9348)> ...em,y2-y1,x4r-x1l-apex_corr)
                                                  ;penpos1(alpha*left_stem,0...
l.87 repeat_once
                ;
Since I don't take square roots of negative numbers,
I'm zeroing this one. Proceed, with fingers crossed.

> 0 WNW 1 (NNW NNE) ENE 2 4 (NNE NNW) WNW 5 WSW 6 7 8 9 (SSW SSE ESE) ENE 10 12
 (ESE SSE SSW) WSW 0
! Strange path (turning number is zero).
<to be read again> 
                   ;
<for(%CAPSULE9348)> ...end(2l,1l,1,1,1r,0)--cycle;
                                                  fi.penpos5(whatever,angle(...
l.87 repeat_once
                ;
The path doesn't have a counterclockwise orientation,
so I'll probably have trouble drawing it.
(See Chapter 27 of The METAFONTbook for more help.)

[192]
! Square root of -1084.47235 has been replaced by 0.
diag_ratio->...((EXPR2)*((EXPR5)++(EXPR4)*sqrt.a_)
                                                  -b_*(EXPR5))/a_/(EXPR4)end...
<for(1)> ...o(2,left_stem,y2-y1,x4r-x1l-apex_corr)
                                                  ;penpos1(alpha*left_stem,0...
l.124 repeat_once
                 ;
Since I don't take square roots of negative numbers,
I'm zeroing this one. Proceed, with fingers crossed.

! Square root of -661.19774 has been replaced by 0.
diag_ratio->...((EXPR2)*((EXPR5)++(EXPR4)*sqrt.a_)
                                                  -b_*(EXPR5))/a_/(EXPR4)end...
<for(%CAPSULE11869)> ...m,y2-y1,x4r-x1l-apex_corr)
                                                  ;penpos1(alpha*left_stem,0...
l.124 repeat_once
                 ;
Since I don't take square roots of negative numbers,
I'm zeroing this one. Proceed, with fingers crossed.

> 0 WNW 1 (NNW NNE) ENE 2 4 (NNE NNW) WNW 5 WSW 6 7 8 9 (SSW SSE ESE) ENE 10 12
 (ESE SSE SSW) WSW 0
! Strange path (turning number is zero).
<to be read again> 
                   ;
<for(%CAPSULE11869)> ...nd(2l,1l,1,1,1r,0)--cycle;
                                                  fi.penpos5(whatever,angle(...
l.124 repeat_once
                 ;
The path doesn't have a counterclockwise orientation,
so I'll probably have trouble drawing it.
(See Chapter 27 of The METAFONTbook for more help.)

[193]
! Square root of -661.19774 has been replaced by 0.
diag_ratio->...((EXPR2)*((EXPR5)++(EXPR4)*sqrt.a_)
                                                  -b_*(EXPR5))/a_/(EXPR4)end...
l.135 ...atio(2,left_stem,y2-y1,x4r-x1l-apex_corr)
                                                  ;
Since I don't take square roots of negative numbers,
I'm zeroing this one. Proceed, with fingers crossed.

> 0 WNW 1 (NNW NNE) ENE 2 4 (NNE NNW) WNW 5 WSW 6 7 8 9 (SSW SSE ESE) ENE 10 12
 (ESE SSE SSW) WSW 0
! Strange path (turning number is zero).
<to be read again> 
                   ;
l.144   --diag_end(2l,1l,1,1,1r,0)--cycle;
                                           fi % left and right diagonals
The path doesn't have a counterclockwise orientation,
so I'll probably have trouble drawing it.
(See Chapter 27 of The METAFONTbook for more help.)

> 0 ENE 1 (ESE) SSE 2 (SSW) WSW 3 (SSW) SSE 4 (ESE ENE) NNE 5 (NNW WNW) WSW 6 (
WNW NNW) NNE 0
! Strange path (turning number is zero).
<to be read again> 
                   ;
uppercase_hat->...z[(EXPR7)]r--z[(EXPR8)]r--cycle;
                                                  fi.endgroup
l.156 uppercase_hat(x2,0,12,13,14,15,16)
                                        ;
The path doesn't have a counterclockwise orientation,
so I'll probably have trouble drawing it.
(See Chapter 27 of The METAFONTbook for more help.)

[194]
! Square root of -661.19774 has been replaced by 0.
diag_ratio->...((EXPR2)*((EXPR5)++(EXPR4)*sqrt.a_)
                                                  -b_*(EXPR5))/a_/(EXPR4)end...
l.168 ...atio(2,left_stem,y2-y1,x4r-x1l-apex_corr)
                                                  ;
Since I don't take square roots of negative numbers,
I'm zeroing this one. Proceed, with fingers crossed.

> 0 WNW 1 (NNW NNE) ENE 2 4 (NNE NNW) WNW 5 WSW 6 7 8 9 (SSW SSE ESE) ENE 10 12
 (ESE SSE SSW) WSW 0
! Strange path (turning number is zero).
<to be read again> 
                   ;
l.177   --diag_end(2l,1l,1,1,1r,0)--cycle;
                                           fi % left and right diagonals
The path doesn't have a counterclockwise orientation,
so I'll probably have trouble drawing it.
(See Chapter 27 of The METAFONTbook for more help.)

[195]
! Square root of -661.19774 has been replaced by 0.
diag_ratio->...((EXPR2)*((EXPR5)++(EXPR4)*sqrt.a_)
                                                  -b_*(EXPR5))/a_/(EXPR4)end...
l.201 ...atio(2,left_stem,y2-y1,x4r-x1l-apex_corr)
                                                  ;
Since I don't take square roots of negative numbers,
I'm zeroing this one. Proceed, with fingers crossed.

> 0 WNW 1 (NNW NNE) ENE 2 4 (NNE NNW) WNW 5 WSW 6 7 8 9 (SSW SSE ESE) ENE 10 12
 (ESE SSE SSW) WSW 0
! Strange path (turning number is zero).
<to be read again> 
                   ;
l.210   --diag_end(2l,1l,1,1,1r,0)--cycle;
                                           fi % left and right diagonals
The path doesn't have a counterclockwise orientation,
so I'll probably have trouble drawing it.
(See Chapter 27 of The METAFONTbook for more help.)

[196]
! Square root of -661.19774 has been replaced by 0.
diag_ratio->...((EXPR2)*((EXPR5)++(EXPR4)*sqrt.a_)
                                                  -b_*(EXPR5))/a_/(EXPR4)end...
l.233 ...atio(2,left_stem,y2-y1,x4r-x1l-apex_corr)
                                                  ;
Since I don't take square roots of negative numbers,
I'm zeroing this one. Proceed, with fingers crossed.

> 0 WNW 1 (NNW NNE) ENE 2 4 (NNE NNW) WNW 5 WSW 6 7 8 9 (SSW SSE ESE) ENE 10 12
 (ESE SSE SSW) WSW 0
! Strange path (turning number is zero).
<to be read again> 
                   ;
l.242   --diag_end(2l,1l,1,1,1r,0)--cycle;
                                           fi % left and right diagonals
The path doesn't have a counterclockwise orientation,
so I'll probably have trouble drawing it.
(See Chapter 27 of The METAFONTbook for more help.)

[197]
! Square root of -312.50383 has been replaced by 0.
diag_ratio->...((EXPR2)*((EXPR5)++(EXPR4)*sqrt.a_)
                                                  -b_*(EXPR5))/a_/(EXPR4)end...
l.284 ...iag_ratio(1,.5left_stem,y12-y11,x12-x11l)
                                                  ;
Since I don't take square roots of negative numbers,
I'm zeroing this one. Proceed, with fingers crossed.

[198] [199] [200] [201]
> 0 ENE 1 (ESE) SSE 2 (SSW) WSW 3 (SSW) SSE 4 (ESE ENE) NNE 5 (NNW WNW) WSW 6 (
WNW NNW) NNE 0
! Strange path (turning number is zero).
<to be read again> 
                   ;
uppercase_hat->...z[(EXPR7)]r--z[(EXPR8)]r--cycle;
                                                  fi.endgroup
l.424 uppercase_hat(.5w,0,10,11,12,13,14)
                                         ;
The path doesn't have a counterclockwise orientation,
so I'll probably have trouble drawing it.
(See Chapter 27 of The METAFONTbook for more help.)

[202] [203] [204] [205]
> 0 ENE 1 (ESE) SSE 2 (SSW) WSW 3 (SSW) SSE 4 (ESE ENE) NNE 5 (NNW WNW) WSW 6 (
WNW NNW) NNE 0
! Strange path (turning number is zero).
<to be read again> 
                   ;
uppercase_hat->...z[(EXPR7)]r--z[(EXPR8)]r--cycle;
                                                  fi.endgroup
l.539 uppercase_hat(x1,0,15,16,17,18,19)
                                        ;
The path doesn't have a counterclockwise orientation,
so I'll probably have trouble drawing it.
(See Chapter 27 of The METAFONTbook for more help.)

[206] [207] [208] [209] [210] [211]
> 0 ENE 1 (ESE) SSE 2 (SSW) WSW 3 (SSW) SSE 4 (ESE ENE) NNE 5 (NNW WNW) WSW 6 (
WNW NNW) NNE 0
! Strange path (turning number is zero).
<to be read again> 
                   ;
uppercase_hat->...z[(EXPR7)]r--z[(EXPR8)]r--cycle;
                                                  fi.endgroup
l.689 uppercase_hat(x1,0,5,6,7,8,9)
                                   ;
The path doesn't have a counterclockwise orientation,
so I'll probably have trouble drawing it.
(See Chapter 27 of The METAFONTbook for more help.)

[212] [213] [214] [215] [216] [217] [218]
> 0 ENE 1 (ESE) SSE 2 (SSW) WSW 3 (SSW) SSE 4 (ESE ENE) NNE 5 (NNW WNW) WSW 6 (
WNW NNW) NNE 0
! Strange path (turning number is zero).
<to be read again> 
                   ;
uppercase_hat->...z[(EXPR7)]r--z[(EXPR8)]r--cycle;
                                                  fi.endgroup
l.857 uppercase_hat(x3,0,6,7,8,9,10)
                                    ;
The path doesn't have a counterclockwise orientation,
so I'll probably have trouble drawing it.
(See Chapter 27 of The METAFONTbook for more help.)

[219] [220]
> 0 WSW 2 (SSW SSE ESE) ENE 3 4 (ESE SSE SSW) WSW 5 (SSW) SSE 7 (SSW) WSW 9 (WN
W) NNW 10 WNW 11 (NNW NNE) ENE 12 14 (NNE NNW) WNW 0
! Strange path (turning number is zero).
<to be read again> 
                   ;
<for(%CAPSULE11289)> ...nd(2l,1l,1,1,1r,0)--cycle;
                                                  fi.if.serifs:numeric.inner...
l.916 repeat_once
                 ;
The path doesn't have a counterclockwise orientation,
so I'll probably have trouble drawing it.
(See Chapter 27 of The METAFONTbook for more help.)

[221] [222] [223]) (/usr/share/texmf-dist/fonts/source/jknappen/ec/exrlwest.mf
 Ok [224] [225]
> 0 ENE 1 ESE 2 (SSE SSW) WSW 3 (SSW SSE) ESE 4 ENE 5 (NNE NNW WNW) WSW 6 (WNW 
NNW NNE) ENE 0
! Strange path (turning number is zero).
<to be read again> 
                   ;
lowercase_hat->...z[(EXPR7)]r--z[(EXPR8)]r--cycle;
                                                  fi.endgroup
l.198 lowercase_hat(x3,oo,14,15,16,17,18)
                                         ;
The path doesn't have a counterclockwise orientation,
so I'll probably have trouble drawing it.
(See Chapter 27 of The METAFONTbook for more help.)

[226] [227] [228] [229] [230] [231]
! The paths don't intersect.
<to be read again> 
                   ;
intersectionpoint->...The paths don't intersect");
                                                  origin.else:0.5[point.x_.o...
<to be read again> 
                   )
<for(l)> ...(SUFFIX0)))intersectionpoint.testpath)
                                                  ; ENDFOR
<for(1)> ...0$))intersectionpoint.testpath);endfor
                                                  .fill.stroke.z0e--z1'e;hpo...
l.476 repeat_once
                 ;
This error message was generated by an `errmessage'
command, so I can't give any explicit help.
Pretend that you're Miss Marple: Examine all clues,
and deduce the truth by inspired guesses.

! The paths don't intersect.
<to be read again> 
                   ;
intersectionpoint->...The paths don't intersect");
                                                  origin.else:0.5[point.x_.o...
<to be read again> 
                   )
<for(r)> ...(SUFFIX0)))intersectionpoint.testpath)
                                                  ; ENDFOR
<for(1)> ...0$))intersectionpoint.testpath);endfor
                                                  .fill.stroke.z0e--z1'e;hpo...
l.476 repeat_once
                 ;
(That was another `errmessage'.)

! The paths don't intersect.
<to be read again> 
                   ;
intersectionpoint->...The paths don't intersect");
                                                  origin.else:0.5[point.x_.o...
<to be read again> 
                   )
<for(l)> ...(SUFFIX0)))intersectionpoint.testpath)
                                                  ; ENDFOR
<for(%CAPSULE12237)> ...tionpoint.testpath);endfor
                                                  .fill.stroke.z0e--z1'e;hpo...
l.476 repeat_once
                 ;
(That was another `errmessage'.)

! The paths don't intersect.
<to be read again> 
                   ;
intersectionpoint->...The paths don't intersect");
                                                  origin.else:0.5[point.x_.o...
<to be read again> 
                   )
<for(r)> ...(SUFFIX0)))intersectionpoint.testpath)
                                                  ; ENDFOR
<for(%CAPSULE12237)> ...tionpoint.testpath);endfor
                                                  .fill.stroke.z0e--z1'e;hpo...
l.476 repeat_once
                 ;
(That was another `errmessage'.)

[232]
! The paths don't intersect.
<to be read again> 
                   ;
intersectionpoint->...The paths don't intersect");
                                                  origin.else:0.5[point.x_.o...
<to be read again> 
                   )
<for(l)> ...(SUFFIX0)))intersectionpoint.testpath)
                                                  ; ENDFOR
<for(1)> ...0$))intersectionpoint.testpath);endfor
                                                  .fill.stroke.z0e--z1'e;hpo...
l.513 repeat_once
                 ;
(That was another `errmessage'.)

! The paths don't intersect.
<to be read again> 
                   ;
intersectionpoint->...The paths don't intersect");
                                                  origin.else:0.5[point.x_.o...
<to be read again> 
                   )
<for(r)> ...(SUFFIX0)))intersectionpoint.testpath)
                                                  ; ENDFOR
<for(1)> ...0$))intersectionpoint.testpath);endfor
                                                  .fill.stroke.z0e--z1'e;hpo...
l.513 repeat_once
                 ;
(That was another `errmessage'.)

! The paths don't intersect.
<to be read again> 
                   ;
intersectionpoint->...The paths don't intersect");
                                                  origin.else:0.5[point.x_.o...
<to be read again> 
                   )
<for(l)> ...(SUFFIX0)))intersectionpoint.testpath)
                                                  ; ENDFOR
<for(%CAPSULE11657)> ...tionpoint.testpath);endfor
                                                  .fill.stroke.z0e--z1'e;hpo...
l.513 repeat_once
                 ;
(That was another `errmessage'.)

! The paths don't intersect.
<to be read again> 
                   ;
intersectionpoint->...The paths don't intersect");
                                                  origin.else:0.5[point.x_.o...
<to be read again> 
                   )
<for(r)> ...(SUFFIX0)))intersectionpoint.testpath)
                                                  ; ENDFOR
<for(%CAPSULE11657)> ...tionpoint.testpath);endfor
                                                  .fill.stroke.z0e--z1'e;hpo...
l.513 repeat_once
                 ;
(That was another `errmessage'.)

[233]
! The paths don't intersect.
<to be read again> 
                   ;
intersectionpoint->...The paths don't intersect");
                                                  origin.else:0.5[point.x_.o...
<to be read again> 
                   )
<for(l)> ...(SUFFIX0)))intersectionpoint.testpath)
                                                  ; ENDFOR
l.546 ...y0$)) intersectionpoint testpath); endfor
                                                  
(That was another `errmessage'.)

! The paths don't intersect.
<to be read again> 
                   ;
intersectionpoint->...The paths don't intersect");
                                                  origin.else:0.5[point.x_.o...
<to be read again> 
                   )
<for(r)> ...(SUFFIX0)))intersectionpoint.testpath)
                                                  ; ENDFOR
l.546 ...y0$)) intersectionpoint testpath); endfor
                                                  
(That was another `errmessage'.)

> 0 ENE 1 ESE 2 (SSE SSW) WSW 3 (SSW SSE) ESE 4 ENE 5 (NNE NNW WNW) WSW 6 (WNW 
NNW NNE) ENE 0
! Strange path (turning number is zero).
<to be read again> 
                   ;
lowercase_hat->...z[(EXPR7)]r--z[(EXPR8)]r--cycle;
                                                  fi.endgroup
l.549 lowercase_hat(.5w,oo,7,8,9,10,11)
                                       ;
The path doesn't have a counterclockwise orientation,
so I'll probably have trouble drawing it.
(See Chapter 27 of The METAFONTbook for more help.)

[234]
! The paths don't intersect.
<to be read again> 
                   ;
intersectionpoint->...The paths don't intersect");
                                                  origin.else:0.5[point.x_.o...
<to be read again> 
                   )
<for(l)> ...(SUFFIX0)))intersectionpoint.testpath)
                                                  ; ENDFOR
l.583 ...y0$)) intersectionpoint testpath); endfor
                                                  
(That was another `errmessage'.)

! The paths don't intersect.
<to be read again> 
                   ;
intersectionpoint->...The paths don't intersect");
                                                  origin.else:0.5[point.x_.o...
<to be read again> 
                   )
<for(r)> ...(SUFFIX0)))intersectionpoint.testpath)
                                                  ; ENDFOR
l.583 ...y0$)) intersectionpoint testpath); endfor
                                                  
(That was another `errmessage'.)

[235] [236] [237]
> 0 ENE 1 ESE 2 (SSE SSW) WSW 3 (SSW SSE) ESE 4 ENE 5 (NNE NNW WNW) WSW 6 (WNW 
NNW NNE) ENE 0
! Strange path (turning number is zero).
<to be read again> 
                   ;
lowercase_hat->...z[(EXPR7)]r--z[(EXPR8)]r--cycle;
                                                  fi.endgroup
l.644 lowercase_hat(x1,oo,3,4,5,6,7)
                                    ;
The path doesn't have a counterclockwise orientation,
so I'll probably have trouble drawing it.
(See Chapter 27 of The METAFONTbook for more help.)

[238] [239] [240] [241] [242] [243]
> 0 ENE 1 ESE 2 (SSE SSW) WSW 3 (SSW SSE) ESE 4 ENE 5 (NNE NNW WNW) WSW 6 (WNW 
NNW NNE) ENE 0
! Strange path (turning number is zero).
<to be read again> 
                   ;
lowercase_hat->...z[(EXPR7)]r--z[(EXPR8)]r--cycle;
                                                  fi.endgroup
l.761 lowercase_hat(x1,oo,5,6,7,8,9)
                                    ;
The path doesn't have a counterclockwise orientation,
so I'll probably have trouble drawing it.
(See Chapter 27 of The METAFONTbook for more help.)

[244] [245] [246] [247] [248] [249] [250]
> 0 ENE 1 ESE 2 (SSE SSW) WSW 3 (SSW SSE) ESE 4 ENE 5 (NNE NNW WNW) WSW 6 (WNW 
NNW NNE) ENE 0
! Strange path (turning number is zero).
<to be read again> 
                   ;
lowercase_hat->...z[(EXPR7)]r--z[(EXPR8)]r--cycle;
                                                  fi.endgroup
l.934 lowercase_hat(.5[x1,x3],oo,7,8,9,10,11)
                                             ;
The path doesn't have a counterclockwise orientation,
so I'll probably have trouble drawing it.
(See Chapter 27 of The METAFONTbook for more help.)

[251] [252]
! Value is too large (-5894.29906).
diag_ratio->...)/(EXPR4);a_=(EXPR2)*(EXPR2)-b_*b_;
                                                  ((EXPR2)*((EXPR5)++(EXPR4)...
<for(1)> ...io(2,bot_stem,y1-y3,x4r-x1l-apex_corr)
                                                  ;alpha2=diag_ratio(1,bot_s...
l.1012 repeat_once
                  ;
The equation I just processed has given some variable
a value of 4096 or more. Continue and I'll try to cope
with that big value; but it might be dangerous.
(Set warningcheck:=0 to suppress this message.)

! Square root of -5894.29906 has been replaced by 0.
diag_ratio->...((EXPR2)*((EXPR5)++(EXPR4)*sqrt.a_)
                                                  -b_*(EXPR5))/a_/(EXPR4)end...
<for(1)> ...io(2,bot_stem,y1-y3,x4r-x1l-apex_corr)
                                                  ;alpha2=diag_ratio(1,bot_s...
l.1012 repeat_once
                  ;
Since I don't take square roots of negative numbers,
I'm zeroing this one. Proceed, with fingers crossed.

! Square root of -0.94987 has been replaced by 0.
diag_ratio->...((EXPR2)*((EXPR5)++(EXPR4)*sqrt.a_)
                                                  -b_*(EXPR5))/a_/(EXPR4)end...
<for(1)> ...a2=diag_ratio(1,bot_stem,y1-y9,x4r-x9)
                                                  ;if.alpha1<alpha2:x2l-x1l=...
l.1012 repeat_once
                  ;
Since I don't take square roots of negative numbers,
I'm zeroing this one. Proceed, with fingers crossed.

! Value is too large (-5686.01527).
diag_ratio->...)/(EXPR4);a_=(EXPR2)*(EXPR2)-b_*b_;
                                                  ((EXPR2)*((EXPR5)++(EXPR4)...
<for(%CAPSULE8487)> ...em,y1-y3,x4r-x1l-apex_corr)
                                                  ;alpha2=diag_ratio(1,bot_s...
l.1012 repeat_once
                  ;
The equation I just processed has given some variable
a value of 4096 or more. Continue and I'll try to cope
with that big value; but it might be dangerous.
(Set warningcheck:=0 to suppress this message.)

! Square root of -5686.01527 has been replaced by 0.
diag_ratio->...((EXPR2)*((EXPR5)++(EXPR4)*sqrt.a_)
                                                  -b_*(EXPR5))/a_/(EXPR4)end...
<for(%CAPSULE8487)> ...em,y1-y3,x4r-x1l-apex_corr)
                                                  ;alpha2=diag_ratio(1,bot_s...
l.1012 repeat_once
                  ;
Since I don't take square roots of negative numbers,
I'm zeroing this one. Proceed, with fingers crossed.

! Square root of -0.98798 has been replaced by 0.
diag_ratio->...((EXPR2)*((EXPR5)++(EXPR4)*sqrt.a_)
                                                  -b_*(EXPR5))/a_/(EXPR4)end...
<for(%CAPSULE8487)> ...io(1,bot_stem,y1-y9,x4r-x9)
                                                  ;if.alpha1<alpha2:x2l-x1l=...
l.1012 repeat_once
                  ;
Since I don't take square roots of negative numbers,
I'm zeroing this one. Proceed, with fingers crossed.

> 0 NNE 1 NNW WNW 2 (WSW) SSW 3 (SSE ESE) ENE NNE ENE ESE SSE SSW 4 5 WSW 0 (WN
W NNW)
! Strange path (turning number is zero).
<to be read again> 
                   ;
<for(%CAPSULE8487)> ...roke.z3e---z5e...{left}z6e;
                                                  pickup.fine.nib;pos6'(bot_...
l.1012 repeat_once
                  ;
The path doesn't have a counterclockwise orientation,
so I'll probably have trouble drawing it.
(See Chapter 27 of The METAFONTbook for more help.)

> 0 SSW 1 WSW (SSW SSE) ESE ENE 2 (NNE) NNW 3 NNE ENE 0 (ESE SSE)
! Strange path (turning number is zero).
<to be read again> 
                   ;
<for(%CAPSULE8487)> ...roke.term.e(6',7,left,1,4);
                                                  fi.put_accent; ENDFOR
l.1012 repeat_once
                  ;
The path doesn't have a counterclockwise orientation,
so I'll probably have trouble drawing it.
(See Chapter 27 of The METAFONTbook for more help.)

[253]
! The paths don't intersect.
<to be read again> 
                   ;
intersectionpoint->...The paths don't intersect");
                                                  origin.else:0.5[point.x_.o...
<to be read again> 
                   )
l.1064 ...intersectionpoint(z3l{up}...{right}z4l))
                                                  ;
(That was another `errmessage'.)

[254] [255]) (/usr/share/texmf-dist/fonts/source/jknappen/ec/exrueast.mf
 Ok
! Square root of -661.19774 has been replaced by 0.
diag_ratio->...((EXPR2)*((EXPR5)++(EXPR4)*sqrt.a_)
                                                  -b_*(EXPR5))/a_/(EXPR4)end...
l.66 ...ratio(2,left_stem,y2-y1,x4r-x1l-apex_corr)
                                                  ;
Since I don't take square roots of negative numbers,
I'm zeroing this one. Proceed, with fingers crossed.

> 0 WNW 1 (NNW NNE) ENE 2 4 (NNE NNW) WNW 5 WSW 6 7 8 9 (SSW SSE ESE) ENE 10 12
 (ESE SSE SSW) WSW 0
! Strange path (turning number is zero).
<to be read again> 
                   ;
l.75   --diag_end(2l,1l,1,1,1r,0)--cycle;
                                          fi % left and right diagonals
The path doesn't have a counterclockwise orientation,
so I'll probably have trouble drawing it.
(See Chapter 27 of The METAFONTbook for more help.)

[128]
! Square root of -661.19774 has been replaced by 0.
diag_ratio->...((EXPR2)*((EXPR5)++(EXPR4)*sqrt.a_)
                                                  -b_*(EXPR5))/a_/(EXPR4)end...
l.100 ...atio(2,left_stem,y2-y1,x4r-x1l-apex_corr)
                                                  ;
Since I don't take square roots of negative numbers,
I'm zeroing this one. Proceed, with fingers crossed.

> 0 WNW 1 (NNW NNE) ENE 2 4 (NNE NNW) WNW 5 WSW 6 7 8 9 (SSW SSE ESE) ENE 10 12
 (ESE SSE SSW) WSW 0
! Strange path (turning number is zero).
<to be read again> 
                   ;
l.109    --diag_end(2l,1l,1,1,1r,0)--cycle;
                                            fi % left and right diagonals
The path doesn't have a counterclockwise orientation,
so I'll probably have trouble drawing it.
(See Chapter 27 of The METAFONTbook for more help.)

! The direction doesn't occur.
<to be read again> 
                   ;
directionpoint->..."The direction doesn't occur");
                                                  fi.point.a_.of(EXPR3)endgroup
<to be read again> 
                   )
right_dir->...(z_a..controls.z_b.and(EXPR2)..z_d))
                                                  )-y_right.endgroup
<forever> ...nz_-pz_)<=tolerance;if.right_dir(z_c)
                                                  <=0:nz_.else:pz_.fi:=z_c; ...

zsolve->...))<=0:nz_.else:pz_.fi:=(SUFFIX3);endfor
                                                  .endgroup
down_dir->begingroup.zsolve.right_dir(z_c)
                                          ;lft(xpart(directionpoint.down.of(...
<forever> ...(nz_-pz_)<=tolerance;if.down_dir(z_b)
                                                  <=0:nz_.else:pz_.fi:=z_b; ...

zsolve->...))<=0:nz_.else:pz_.fi:=(SUFFIX3);endfor
                                                  .endgroup
put_ogonek->...),(1,y_right));zsolve.down_dir(z_b)
                                                  ;x_down':=xpart(lft(direct...
l.128  put_ogonek(the_pen)
                          ;
(That was another `errmessage'.)

! The direction doesn't occur.
<to be read again> 
                   ;
directionpoint->..."The direction doesn't occur");
                                                  fi.point.a_.of(EXPR3)endgroup
<to be read again> 
                   )
right_dir->...(z_a..controls.z_b.and(EXPR2)..z_d))
                                                  )-y_right.endgroup
<forever> ...nz_-pz_)<=tolerance;if.right_dir(z_c)
                                                  <=0:nz_.else:pz_.fi:=z_c; ...

zsolve->...))<=0:nz_.else:pz_.fi:=(SUFFIX3);endfor
                                                  .endgroup
down_dir->begingroup.zsolve.right_dir(z_c)
                                          ;lft(xpart(directionpoint.down.of(...
<forever> ...(nz_-pz_)<=tolerance;if.down_dir(z_b)
                                                  <=0:nz_.else:pz_.fi:=z_b; ...

zsolve->...))<=0:nz_.else:pz_.fi:=(SUFFIX3);endfor
                                                  .endgroup
put_ogonek->...),(1,y_right));zsolve.down_dir(z_b)
                                                  ;x_down':=xpart(lft(direct...
l.128  put_ogonek(the_pen)
                          ;
(That was another `errmessage'.)

! The direction doesn't occur.
<to be read again> 
                   ;
directionpoint->..."The direction doesn't occur");
                                                  fi.point.a_.of(EXPR3)endgroup
<to be read again> 
                   )
right_dir->...(z_a..controls.z_b.and(EXPR2)..z_d))
                                                  )-y_right.endgroup
<forever> ...nz_-pz_)<=tolerance;if.right_dir(z_c)
                                                  <=0:nz_.else:pz_.fi:=z_c; ...

zsolve->...))<=0:nz_.else:pz_.fi:=(SUFFIX3);endfor
                                                  .endgroup
down_dir->begingroup.zsolve.right_dir(z_c)
                                          ;lft(xpart(directionpoint.down.of(...
<forever> ...(nz_-pz_)<=tolerance;if.down_dir(z_b)
                                                  <=0:nz_.else:pz_.fi:=z_b; ...

zsolve->...))<=0:nz_.else:pz_.fi:=(SUFFIX3);endfor
                                                  .endgroup
put_ogonek->...),(1,y_right));zsolve.down_dir(z_b)
                                                  ;x_down':=xpart(lft(direct...
l.128  put_ogonek(the_pen)
                          ;
(That was another `errmessage'.)

! The direction doesn't occur.
<to be read again> 
                   ;
directionpoint->..."The direction doesn't occur");
                                                  fi.point.a_.of(EXPR3)endgroup
<to be read again> 
                   )
right_dir->...(z_a..controls.z_b.and(EXPR2)..z_d))
                                                  )-y_right.endgroup
<forever> ...nz_-pz_)<=tolerance;if.right_dir(z_c)
                                                  <=0:nz_.else:pz_.fi:=z_c; ...

zsolve->...))<=0:nz_.else:pz_.fi:=(SUFFIX3);endfor
                                                  .endgroup
down_dir->begingroup.zsolve.right_dir(z_c)
                                          ;lft(xpart(directionpoint.down.of(...
<forever> ...(nz_-pz_)<=tolerance;if.down_dir(z_b)
                                                  <=0:nz_.else:pz_.fi:=z_b; ...

zsolve->...))<=0:nz_.else:pz_.fi:=(SUFFIX3);endfor
                                                  .endgroup
put_ogonek->...),(1,y_right));zsolve.down_dir(z_b)
                                                  ;x_down':=xpart(lft(direct...
l.128  put_ogonek(the_pen)
                          ;
(That was another `errmessage'.)

! The direction doesn't occur.
<to be read again> 
                   ;
directionpoint->..."The direction doesn't occur");
                                                  fi.point.a_.of(EXPR3)endgroup
<to be read again> 
                   )
right_dir->...(z_a..controls.z_b.and(EXPR2)..z_d))
                                                  )-y_right.endgroup
<forever> ...nz_-pz_)<=tolerance;if.right_dir(z_c)
                                                  <=0:nz_.else:pz_.fi:=z_c; ...

zsolve->...))<=0:nz_.else:pz_.fi:=(SUFFIX3);endfor
                                                  .endgroup
down_dir->begingroup.zsolve.right_dir(z_c)
                                          ;lft(xpart(directionpoint.down.of(...
<forever> ...(nz_-pz_)<=tolerance;if.down_dir(z_b)
                                                  <=0:nz_.else:pz_.fi:=z_b; ...

zsolve->...))<=0:nz_.else:pz_.fi:=(SUFFIX3);endfor
                                                  .endgroup
put_ogonek->...),(1,y_right));zsolve.down_dir(z_b)
                                                  ;x_down':=xpart(lft(direct...
l.128  put_ogonek(the_pen)
                          ;
(That was another `errmessage'.)

! The direction doesn't occur.
<to be read again> 
                   ;
directionpoint->..."The direction doesn't occur");
                                                  fi.point.a_.of(EXPR3)endgroup
<to be read again> 
                   )
right_dir->...(z_a..controls.z_b.and(EXPR2)..z_d))
                                                  )-y_right.endgroup
<forever> ...nz_-pz_)<=tolerance;if.right_dir(z_c)
                                                  <=0:nz_.else:pz_.fi:=z_c; ...

zsolve->...))<=0:nz_.else:pz_.fi:=(SUFFIX3);endfor
                                                  .endgroup
down_dir->begingroup.zsolve.right_dir(z_c)
                                          ;lft(xpart(directionpoint.down.of(...
<forever> ...(nz_-pz_)<=tolerance;if.down_dir(z_b)
                                                  <=0:nz_.else:pz_.fi:=z_b; ...

zsolve->...))<=0:nz_.else:pz_.fi:=(SUFFIX3);endfor
                                                  .endgroup
put_ogonek->...),(1,y_right));zsolve.down_dir(z_b)
                                                  ;x_down':=xpart(lft(direct...
l.128  put_ogonek(the_pen)
                          ;
(That was another `errmessage'.)

! The direction doesn't occur.
<to be read again> 
                   ;
directionpoint->..."The direction doesn't occur");
                                                  fi.point.a_.of(EXPR3)endgroup
<to be read again> 
                   )
right_dir->...(z_a..controls.z_b.and(EXPR2)..z_d))
                                                  )-y_right.endgroup
<forever> ...nz_-pz_)<=tolerance;if.right_dir(z_c)
                                                  <=0:nz_.else:pz_.fi:=z_c; ...

zsolve->...))<=0:nz_.else:pz_.fi:=(SUFFIX3);endfor
                                                  .endgroup
down_dir->begingroup.zsolve.right_dir(z_c)
                                          ;lft(xpart(directionpoint.down.of(...
<forever> ...(nz_-pz_)<=tolerance;if.down_dir(z_b)
                                                  <=0:nz_.else:pz_.fi:=z_b; ...

zsolve->...))<=0:nz_.else:pz_.fi:=(SUFFIX3);endfor
                                                  .endgroup
put_ogonek->...),(1,y_right));zsolve.down_dir(z_b)
                                                  ;x_down':=xpart(lft(direct...
l.128  put_ogonek(the_pen)
                          ;
(That was another `errmessage'.)

! The direction doesn't occur.
<to be read again> 
                   ;
directionpoint->..."The direction doesn't occur");
                                                  fi.point.a_.of(EXPR3)endgroup
<to be read again> 
                   )
right_dir->...(z_a..controls.z_b.and(EXPR2)..z_d))
                                                  )-y_right.endgroup
<forever> ...nz_-pz_)<=tolerance;if.right_dir(z_c)
                                                  <=0:nz_.else:pz_.fi:=z_c; ...

zsolve->...))<=0:nz_.else:pz_.fi:=(SUFFIX3);endfor
                                                  .endgroup
down_dir->begingroup.zsolve.right_dir(z_c)
                                          ;lft(xpart(directionpoint.down.of(...
<forever> ...(nz_-pz_)<=tolerance;if.down_dir(z_b)
                                                  <=0:nz_.else:pz_.fi:=z_b; ...

zsolve->...))<=0:nz_.else:pz_.fi:=(SUFFIX3);endfor
                                                  .endgroup
put_ogonek->...),(1,y_right));zsolve.down_dir(z_b)
                                                  ;x_down':=xpart(lft(direct...
l.128  put_ogonek(the_pen)
                          ;
(That was another `errmessage'.)

! The direction doesn't occur.
<to be read again> 
                   ;
directionpoint->..."The direction doesn't occur");
                                                  fi.point.a_.of(EXPR3)endgroup
<to be read again> 
                   )
down_dir->...of(z_a..controls(EXPR2)and.z_c..z_d))
                                                  )-x_down.endgroup
<forever> ...(nz_-pz_)<=tolerance;if.down_dir(z_b)
                                                  <=0:nz_.else:pz_.fi:=z_b; ...

zsolve->...))<=0:nz_.else:pz_.fi:=(SUFFIX3);endfor
                                                  .endgroup
put_ogonek->...),(1,y_right));zsolve.down_dir(z_b)
                                                  ;x_down':=xpart(lft(direct...
l.128  put_ogonek(the_pen)
                          ;
(That was another `errmessage'.)

! The direction doesn't occur.
<to be read again> 
                   ;
directionpoint->..."The direction doesn't occur");
                                                  fi.point.a_.of(EXPR3)endgroup
<to be read again> 
                   )
right_dir->...(z_a..controls.z_b.and(EXPR2)..z_d))
                                                  )-y_right.endgroup
<forever> ...nz_-pz_)<=tolerance;if.right_dir(z_c)
                                                  <=0:nz_.else:pz_.fi:=z_c; ...

zsolve->...))<=0:nz_.else:pz_.fi:=(SUFFIX3);endfor
                                                  .endgroup
down_dir->begingroup.zsolve.right_dir(z_c)
                                          ;lft(xpart(directionpoint.down.of(...
<forever> ...(nz_-pz_)<=tolerance;if.down_dir(z_b)
                                                  <=0:nz_.else:pz_.fi:=z_b; ...

zsolve->...))<=0:nz_.else:pz_.fi:=(SUFFIX3);endfor
                                                  .endgroup
put_ogonek->...),(1,y_right));zsolve.down_dir(z_b)
                                                  ;x_down':=xpart(lft(direct...
l.128  put_ogonek(the_pen)
                          ;
(That was another `errmessage'.)

! The direction doesn't occur.
<to be read again> 
                   ;
directionpoint->..."The direction doesn't occur");
                                                  fi.point.a_.of(EXPR3)endgroup
<to be read again> 
                   )
right_dir->...(z_a..controls.z_b.and(EXPR2)..z_d))
                                                  )-y_right.endgroup
<forever> ...nz_-pz_)<=tolerance;if.right_dir(z_c)
                                                  <=0:nz_.else:pz_.fi:=z_c; ...

zsolve->...))<=0:nz_.else:pz_.fi:=(SUFFIX3);endfor
                                                  .endgroup
down_dir->begingroup.zsolve.right_dir(z_c)
                                          ;lft(xpart(directionpoint.down.of(...
<forever> ...(nz_-pz_)<=tolerance;if.down_dir(z_b)
                                                  <=0:nz_.else:pz_.fi:=z_b; ...

zsolve->...))<=0:nz_.else:pz_.fi:=(SUFFIX3);endfor
                                                  .endgroup
put_ogonek->...),(1,y_right));zsolve.down_dir(z_b)
                                                  ;x_down':=xpart(lft(direct...
l.128  put_ogonek(the_pen)
                          ;
(That was another `errmessage'.)

! The direction doesn't occur.
<to be read again> 
                   ;
directionpoint->..."The direction doesn't occur");
                                                  fi.point.a_.of(EXPR3)endgroup
<to be read again> 
                   )
right_dir->...(z_a..controls.z_b.and(EXPR2)..z_d))
                                                  )-y_right.endgroup
<forever> ...nz_-pz_)<=tolerance;if.right_dir(z_c)
                                                  <=0:nz_.else:pz_.fi:=z_c; ...

zsolve->...))<=0:nz_.else:pz_.fi:=(SUFFIX3);endfor
                                                  .endgroup
down_dir->begingroup.zsolve.right_dir(z_c)
                                          ;lft(xpart(directionpoint.down.of(...
<forever> ...(nz_-pz_)<=tolerance;if.down_dir(z_b)
                                                  <=0:nz_.else:pz_.fi:=z_b; ...

zsolve->...))<=0:nz_.else:pz_.fi:=(SUFFIX3);endfor
                                                  .endgroup
put_ogonek->...),(1,y_right));zsolve.down_dir(z_b)
                                                  ;x_down':=xpart(lft(direct...
l.128  put_ogonek(the_pen)
                          ;
(That was another `errmessage'.)

! The direction doesn't occur.
<to be read again> 
                   ;
directionpoint->..."The direction doesn't occur");
                                                  fi.point.a_.of(EXPR3)endgroup
<to be read again> 
                   )
right_dir->...(z_a..controls.z_b.and(EXPR2)..z_d))
                                                  )-y_right.endgroup
<forever> ...nz_-pz_)<=tolerance;if.right_dir(z_c)
                                                  <=0:nz_.else:pz_.fi:=z_c; ...

zsolve->...))<=0:nz_.else:pz_.fi:=(SUFFIX3);endfor
                                                  .endgroup
down_dir->begingroup.zsolve.right_dir(z_c)
                                          ;lft(xpart(directionpoint.down.of(...
<forever> ...(nz_-pz_)<=tolerance;if.down_dir(z_b)
                                                  <=0:nz_.else:pz_.fi:=z_b; ...

zsolve->...))<=0:nz_.else:pz_.fi:=(SUFFIX3);endfor
                                                  .endgroup
put_ogonek->...),(1,y_right));zsolve.down_dir(z_b)
                                                  ;x_down':=xpart(lft(direct...
l.128  put_ogonek(the_pen)
                          ;
(That was another `errmessage'.)

! The direction doesn't occur.
<to be read again> 
                   ;
directionpoint->..."The direction doesn't occur");
                                                  fi.point.a_.of(EXPR3)endgroup
<to be read again> 
                   )
right_dir->...(z_a..controls.z_b.and(EXPR2)..z_d))
                                                  )-y_right.endgroup
<forever> ...nz_-pz_)<=tolerance;if.right_dir(z_c)
                                                  <=0:nz_.else:pz_.fi:=z_c; ...

zsolve->...))<=0:nz_.else:pz_.fi:=(SUFFIX3);endfor
                                                  .endgroup
down_dir->begingroup.zsolve.right_dir(z_c)
                                          ;lft(xpart(directionpoint.down.of(...
<forever> ...(nz_-pz_)<=tolerance;if.down_dir(z_b)
                                                  <=0:nz_.else:pz_.fi:=z_b; ...

zsolve->...))<=0:nz_.else:pz_.fi:=(SUFFIX3);endfor
                                                  .endgroup
put_ogonek->...),(1,y_right));zsolve.down_dir(z_b)
                                                  ;x_down':=xpart(lft(direct...
l.128  put_ogonek(the_pen)
                          ;
(That was another `errmessage'.)

! The direction doesn't occur.
<to be read again> 
                   ;
directionpoint->..."The direction doesn't occur");
                                                  fi.point.a_.of(EXPR3)endgroup
<to be read again> 
                   )
right_dir->...(z_a..controls.z_b.and(EXPR2)..z_d))
                                                  )-y_right.endgroup
<forever> ...nz_-pz_)<=tolerance;if.right_dir(z_c)
                                                  <=0:nz_.else:pz_.fi:=z_c; ...

zsolve->...))<=0:nz_.else:pz_.fi:=(SUFFIX3);endfor
                                                  .endgroup
down_dir->begingroup.zsolve.right_dir(z_c)
                                          ;lft(xpart(directionpoint.down.of(...
<forever> ...(nz_-pz_)<=tolerance;if.down_dir(z_b)
                                                  <=0:nz_.else:pz_.fi:=z_b; ...

zsolve->...))<=0:nz_.else:pz_.fi:=(SUFFIX3);endfor
                                                  .endgroup
put_ogonek->...),(1,y_right));zsolve.down_dir(z_b)
                                                  ;x_down':=xpart(lft(direct...
l.128  put_ogonek(the_pen)
                          ;
(That was another `errmessage'.)

! The direction doesn't occur.
<to be read again> 
                   ;
directionpoint->..."The direction doesn't occur");
                                                  fi.point.a_.of(EXPR3)endgroup
<to be read again> 
                   )
right_dir->...(z_a..controls.z_b.and(EXPR2)..z_d))
                                                  )-y_right.endgroup
<forever> ...nz_-pz_)<=tolerance;if.right_dir(z_c)
                                                  <=0:nz_.else:pz_.fi:=z_c; ...

zsolve->...))<=0:nz_.else:pz_.fi:=(SUFFIX3);endfor
                                                  .endgroup
down_dir->begingroup.zsolve.right_dir(z_c)
                                          ;lft(xpart(directionpoint.down.of(...
<forever> ...(nz_-pz_)<=tolerance;if.down_dir(z_b)
                                                  <=0:nz_.else:pz_.fi:=z_b; ...

zsolve->...))<=0:nz_.else:pz_.fi:=(SUFFIX3);endfor
                                                  .endgroup
put_ogonek->...),(1,y_right));zsolve.down_dir(z_b)
                                                  ;x_down':=xpart(lft(direct...
l.128  put_ogonek(the_pen)
                          ;
(That was another `errmessage'.)

! The direction doesn't occur.
<to be read again> 
                   ;
directionpoint->..."The direction doesn't occur");
                                                  fi.point.a_.of(EXPR3)endgroup
<to be read again> 
                   )
right_dir->...(z_a..controls.z_b.and(EXPR2)..z_d))
                                                  )-y_right.endgroup
<forever> ...nz_-pz_)<=tolerance;if.right_dir(z_c)
                                                  <=0:nz_.else:pz_.fi:=z_c; ...

zsolve->...))<=0:nz_.else:pz_.fi:=(SUFFIX3);endfor
                                                  .endgroup
down_dir->begingroup.zsolve.right_dir(z_c)
                                          ;lft(xpart(directionpoint.down.of(...
<forever> ...(nz_-pz_)<=tolerance;if.down_dir(z_b)
                                                  <=0:nz_.else:pz_.fi:=z_b; ...

zsolve->...))<=0:nz_.else:pz_.fi:=(SUFFIX3);endfor
                                                  .endgroup
put_ogonek->...),(1,y_right));zsolve.down_dir(z_b)
                                                  ;x_down':=xpart(lft(direct...
l.128  put_ogonek(the_pen)
                          ;
(That was another `errmessage'.)

! The direction doesn't occur.
<to be read again> 
                   ;
directionpoint->..."The direction doesn't occur");
                                                  fi.point.a_.of(EXPR3)endgroup
<to be read again> 
                   )
down_dir->...of(z_a..controls(EXPR2)and.z_c..z_d))
                                                  )-x_down.endgroup
<forever> ...(nz_-pz_)<=tolerance;if.down_dir(z_b)
                                                  <=0:nz_.else:pz_.fi:=z_b; ...

zsolve->...))<=0:nz_.else:pz_.fi:=(SUFFIX3);endfor
                                                  .endgroup
put_ogonek->...),(1,y_right));zsolve.down_dir(z_b)
                                                  ;x_down':=xpart(lft(direct...
l.128  put_ogonek(the_pen)
                          ;
(That was another `errmessage'.)

! The direction doesn't occur.
<to be read again> 
                   ;
directionpoint->..."The direction doesn't occur");
                                                  fi.point.a_.of(EXPR3)endgroup
<to be read again> 
                   )
right_dir->...(z_a..controls.z_b.and(EXPR2)..z_d))
                                                  )-y_right.endgroup
<forever> ...nz_-pz_)<=tolerance;if.right_dir(z_c)
                                                  <=0:nz_.else:pz_.fi:=z_c; ...

zsolve->...))<=0:nz_.else:pz_.fi:=(SUFFIX3);endfor
                                                  .endgroup
down_dir->begingroup.zsolve.right_dir(z_c)
                                          ;lft(xpart(directionpoint.down.of(...
<forever> ...(nz_-pz_)<=tolerance;if.down_dir(z_b)
                                                  <=0:nz_.else:pz_.fi:=z_b; ...

zsolve->...))<=0:nz_.else:pz_.fi:=(SUFFIX3);endfor
                                                  .endgroup
put_ogonek->...),(1,y_right));zsolve.down_dir(z_b)
                                                  ;x_down':=xpart(lft(direct...
l.128  put_ogonek(the_pen)
                          ;
(That was another `errmessage'.)

! The direction doesn't occur.
<to be read again> 
                   ;
directionpoint->..."The direction doesn't occur");
                                                  fi.point.a_.of(EXPR3)endgroup
<to be read again> 
                   )
right_dir->...(z_a..controls.z_b.and(EXPR2)..z_d))
                                                  )-y_right.endgroup
<forever> ...nz_-pz_)<=tolerance;if.right_dir(z_c)
                                                  <=0:nz_.else:pz_.fi:=z_c; ...

zsolve->...))<=0:nz_.else:pz_.fi:=(SUFFIX3);endfor
                                                  .endgroup
down_dir->begingroup.zsolve.right_dir(z_c)
                                          ;lft(xpart(directionpoint.down.of(...
<forever> ...(nz_-pz_)<=tolerance;if.down_dir(z_b)
                                                  <=0:nz_.else:pz_.fi:=z_b; ...

zsolve->...))<=0:nz_.else:pz_.fi:=(SUFFIX3);endfor
                                                  .endgroup
put_ogonek->...),(1,y_right));zsolve.down_dir(z_b)
                                                  ;x_down':=xpart(lft(direct...
l.128  put_ogonek(the_pen)
                          ;
(That was another `errmessage'.)

! The direction doesn't occur.
<to be read again> 
                   ;
directionpoint->..."The direction doesn't occur");
                                                  fi.point.a_.of(EXPR3)endgroup
<to be read again> 
                   )
right_dir->...(z_a..controls.z_b.and(EXPR2)..z_d))
                                                  )-y_right.endgroup
<forever> ...nz_-pz_)<=tolerance;if.right_dir(z_c)
                                                  <=0:nz_.else:pz_.fi:=z_c; ...

zsolve->...))<=0:nz_.else:pz_.fi:=(SUFFIX3);endfor
                                                  .endgroup
down_dir->begingroup.zsolve.right_dir(z_c)
                                          ;lft(xpart(directionpoint.down.of(...
<forever> ...(nz_-pz_)<=tolerance;if.down_dir(z_b)
                                                  <=0:nz_.else:pz_.fi:=z_b; ...

zsolve->...))<=0:nz_.else:pz_.fi:=(SUFFIX3);endfor
                                                  .endgroup
put_ogonek->...),(1,y_right));zsolve.down_dir(z_b)
                                                  ;x_down':=xpart(lft(direct...
l.128  put_ogonek(the_pen)
                          ;
(That was another `errmessage'.)

! The direction doesn't occur.
<to be read again> 
                   ;
directionpoint->..."The direction doesn't occur");
                                                  fi.point.a_.of(EXPR3)endgroup
<to be read again> 
                   )
right_dir->...(z_a..controls.z_b.and(EXPR2)..z_d))
                                                  )-y_right.endgroup
<forever> ...nz_-pz_)<=tolerance;if.right_dir(z_c)
                                                  <=0:nz_.else:pz_.fi:=z_c; ...

zsolve->...))<=0:nz_.else:pz_.fi:=(SUFFIX3);endfor
                                                  .endgroup
down_dir->begingroup.zsolve.right_dir(z_c)
                                          ;lft(xpart(directionpoint.down.of(...
<forever> ...(nz_-pz_)<=tolerance;if.down_dir(z_b)
                                                  <=0:nz_.else:pz_.fi:=z_b; ...

zsolve->...))<=0:nz_.else:pz_.fi:=(SUFFIX3);endfor
                                                  .endgroup
put_ogonek->...),(1,y_right));zsolve.down_dir(z_b)
                                                  ;x_down':=xpart(lft(direct...
l.128  put_ogonek(the_pen)
                          ;
(That was another `errmessage'.)

! The direction doesn't occur.
<to be read again> 
                   ;
directionpoint->..."The direction doesn't occur");
                                                  fi.point.a_.of(EXPR3)endgroup
<to be read again> 
                   )
right_dir->...(z_a..controls.z_b.and(EXPR2)..z_d))
                                                  )-y_right.endgroup
<forever> ...nz_-pz_)<=tolerance;if.right_dir(z_c)
                                                  <=0:nz_.else:pz_.fi:=z_c; ...

zsolve->...))<=0:nz_.else:pz_.fi:=(SUFFIX3);endfor
                                                  .endgroup
down_dir->begingroup.zsolve.right_dir(z_c)
                                          ;lft(xpart(directionpoint.down.of(...
<forever> ...(nz_-pz_)<=tolerance;if.down_dir(z_b)
                                                  <=0:nz_.else:pz_.fi:=z_b; ...

zsolve->...))<=0:nz_.else:pz_.fi:=(SUFFIX3);endfor
                                                  .endgroup
put_ogonek->...),(1,y_right));zsolve.down_dir(z_b)
                                                  ;x_down':=xpart(lft(direct...
l.128  put_ogonek(the_pen)
                          ;
(That was another `errmessage'.)

! The direction doesn't occur.
<to be read again> 
                   ;
directionpoint->..."The direction doesn't occur");
                                                  fi.point.a_.of(EXPR3)endgroup
<to be read again> 
                   )
right_dir->...(z_a..controls.z_b.and(EXPR2)..z_d))
                                                  )-y_right.endgroup
<forever> ...nz_-pz_)<=tolerance;if.right_dir(z_c)
                                                  <=0:nz_.else:pz_.fi:=z_c; ...

zsolve->...))<=0:nz_.else:pz_.fi:=(SUFFIX3);endfor
                                                  .endgroup
down_dir->begingroup.zsolve.right_dir(z_c)
                                          ;lft(xpart(directionpoint.down.of(...
<forever> ...(nz_-pz_)<=tolerance;if.down_dir(z_b)
                                                  <=0:nz_.else:pz_.fi:=z_b; ...

zsolve->...))<=0:nz_.else:pz_.fi:=(SUFFIX3);endfor
                                                  .endgroup
put_ogonek->...),(1,y_right));zsolve.down_dir(z_b)
                                                  ;x_down':=xpart(lft(direct...
l.128  put_ogonek(the_pen)
                          ;
(That was another `errmessage'.)

! The direction doesn't occur.
<to be read again> 
                   ;
directionpoint->..."The direction doesn't occur");
                                                  fi.point.a_.of(EXPR3)endgroup
<to be read again> 
                   )
right_dir->...(z_a..controls.z_b.and(EXPR2)..z_d))
                                                  )-y_right.endgroup
<forever> ...nz_-pz_)<=tolerance;if.right_dir(z_c)
                                                  <=0:nz_.else:pz_.fi:=z_c; ...

zsolve->...))<=0:nz_.else:pz_.fi:=(SUFFIX3);endfor
                                                  .endgroup
down_dir->begingroup.zsolve.right_dir(z_c)
                                          ;lft(xpart(directionpoint.down.of(...
<forever> ...(nz_-pz_)<=tolerance;if.down_dir(z_b)
                                                  <=0:nz_.else:pz_.fi:=z_b; ...

zsolve->...))<=0:nz_.else:pz_.fi:=(SUFFIX3);endfor
                                                  .endgroup
put_ogonek->...),(1,y_right));zsolve.down_dir(z_b)
                                                  ;x_down':=xpart(lft(direct...
l.128  put_ogonek(the_pen)
                          ;
(That was another `errmessage'.)

! The direction doesn't occur.
<to be read again> 
                   ;
directionpoint->..."The direction doesn't occur");
                                                  fi.point.a_.of(EXPR3)endgroup
<to be read again> 
                   )
right_dir->...(z_a..controls.z_b.and(EXPR2)..z_d))
                                                  )-y_right.endgroup
<forever> ...nz_-pz_)<=tolerance;if.right_dir(z_c)
                                                  <=0:nz_.else:pz_.fi:=z_c; ...

zsolve->...))<=0:nz_.else:pz_.fi:=(SUFFIX3);endfor
                                                  .endgroup
down_dir->begingroup.zsolve.right_dir(z_c)
                                          ;lft(xpart(directionpoint.down.of(...
<forever> ...(nz_-pz_)<=tolerance;if.down_dir(z_b)
                                                  <=0:nz_.else:pz_.fi:=z_b; ...

zsolve->...))<=0:nz_.else:pz_.fi:=(SUFFIX3);endfor
                                                  .endgroup
put_ogonek->...),(1,y_right));zsolve.down_dir(z_b)
                                                  ;x_down':=xpart(lft(direct...
l.128  put_ogonek(the_pen)
                          ;
(That was another `errmessage'.)

! The direction doesn't occur.
<to be read again> 
                   ;
directionpoint->..."The direction doesn't occur");
                                                  fi.point.a_.of(EXPR3)endgroup
<to be read again> 
                   )
down_dir->...of(z_a..controls(EXPR2)and.z_c..z_d))
                                                  )-x_down.endgroup
<forever> ...(nz_-pz_)<=tolerance;if.down_dir(z_b)
                                                  <=0:nz_.else:pz_.fi:=z_b; ...

zsolve->...))<=0:nz_.else:pz_.fi:=(SUFFIX3);endfor
                                                  .endgroup
put_ogonek->...),(1,y_right));zsolve.down_dir(z_b)
                                                  ;x_down':=xpart(lft(direct...
l.128  put_ogonek(the_pen)
                          ;
(That was another `errmessage'.)

! The direction doesn't occur.
<to be read again> 
                   ;
directionpoint->..."The direction doesn't occur");
                                                  fi.point.a_.of(EXPR3)endgroup
<to be read again> 
                   )
right_dir->...(z_a..controls.z_b.and(EXPR2)..z_d))
                                                  )-y_right.endgroup
<forever> ...nz_-pz_)<=tolerance;if.right_dir(z_c)
                                                  <=0:nz_.else:pz_.fi:=z_c; ...

zsolve->...))<=0:nz_.else:pz_.fi:=(SUFFIX3);endfor
                                                  .endgroup
down_dir->begingroup.zsolve.right_dir(z_c)
                                          ;lft(xpart(directionpoint.down.of(...
<forever> ...(nz_-pz_)<=tolerance;if.down_dir(z_b)
                                                  <=0:nz_.else:pz_.fi:=z_b; ...

zsolve->...))<=0:nz_.else:pz_.fi:=(SUFFIX3);endfor
                                                  .endgroup
put_ogonek->...),(1,y_right));zsolve.down_dir(z_b)
                                                  ;x_down':=xpart(lft(direct...
l.128  put_ogonek(the_pen)
                          ;
(That was another `errmessage'.)

! The direction doesn't occur.
<to be read again> 
                   ;
directionpoint->..."The direction doesn't occur");
                                                  fi.point.a_.of(EXPR3)endgroup
<to be read again> 
                   )
right_dir->...(z_a..controls.z_b.and(EXPR2)..z_d))
                                                  )-y_right.endgroup
<forever> ...nz_-pz_)<=tolerance;if.right_dir(z_c)
                                                  <=0:nz_.else:pz_.fi:=z_c; ...

zsolve->...))<=0:nz_.else:pz_.fi:=(SUFFIX3);endfor
                                                  .endgroup
down_dir->begingroup.zsolve.right_dir(z_c)
                                          ;lft(xpart(directionpoint.down.of(...
<forever> ...(nz_-pz_)<=tolerance;if.down_dir(z_b)
                                                  <=0:nz_.else:pz_.fi:=z_b; ...

zsolve->...))<=0:nz_.else:pz_.fi:=(SUFFIX3);endfor
                                                  .endgroup
put_ogonek->...),(1,y_right));zsolve.down_dir(z_b)
                                                  ;x_down':=xpart(lft(direct...
l.128  put_ogonek(the_pen)
                          ;
(That was another `errmessage'.)

! The direction doesn't occur.
<to be read again> 
                   ;
directionpoint->..."The direction doesn't occur");
                                                  fi.point.a_.of(EXPR3)endgroup
<to be read again> 
                   )
right_dir->...(z_a..controls.z_b.and(EXPR2)..z_d))
                                                  )-y_right.endgroup
<forever> ...nz_-pz_)<=tolerance;if.right_dir(z_c)
                                                  <=0:nz_.else:pz_.fi:=z_c; ...

zsolve->...))<=0:nz_.else:pz_.fi:=(SUFFIX3);endfor
                                                  .endgroup
down_dir->begingroup.zsolve.right_dir(z_c)
                                          ;lft(xpart(directionpoint.down.of(...
<forever> ...(nz_-pz_)<=tolerance;if.down_dir(z_b)
                                                  <=0:nz_.else:pz_.fi:=z_b; ...

zsolve->...))<=0:nz_.else:pz_.fi:=(SUFFIX3);endfor
                                                  .endgroup
put_ogonek->...),(1,y_right));zsolve.down_dir(z_b)
                                                  ;x_down':=xpart(lft(direct...
l.128  put_ogonek(the_pen)
                          ;
(That was another `errmessage'.)

! The direction doesn't occur.
<to be read again> 
                   ;
directionpoint->..."The direction doesn't occur");
                                                  fi.point.a_.of(EXPR3)endgroup
<to be read again> 
                   )
right_dir->...(z_a..controls.z_b.and(EXPR2)..z_d))
                                                  )-y_right.endgroup
<forever> ...nz_-pz_)<=tolerance;if.right_dir(z_c)
                                                  <=0:nz_.else:pz_.fi:=z_c; ...

zsolve->...))<=0:nz_.else:pz_.fi:=(SUFFIX3);endfor
                                                  .endgroup
down_dir->begingroup.zsolve.right_dir(z_c)
                                          ;lft(xpart(directionpoint.down.of(...
<forever> ...(nz_-pz_)<=tolerance;if.down_dir(z_b)
                                                  <=0:nz_.else:pz_.fi:=z_b; ...

zsolve->...))<=0:nz_.else:pz_.fi:=(SUFFIX3);endfor
                                                  .endgroup
put_ogonek->...),(1,y_right));zsolve.down_dir(z_b)
                                                  ;x_down':=xpart(lft(direct...
l.128  put_ogonek(the_pen)
                          ;
(That was another `errmessage'.)

! The direction doesn't occur.
<to be read again> 
                   ;
directionpoint->..."The direction doesn't occur");
                                                  fi.point.a_.of(EXPR3)endgroup
<to be read again> 
                   )
right_dir->...(z_a..controls.z_b.and(EXPR2)..z_d))
                                                  )-y_right.endgroup
<forever> ...nz_-pz_)<=tolerance;if.right_dir(z_c)
                                                  <=0:nz_.else:pz_.fi:=z_c; ...

zsolve->...))<=0:nz_.else:pz_.fi:=(SUFFIX3);endfor
                                                  .endgroup
down_dir->begingroup.zsolve.right_dir(z_c)
                                          ;lft(xpart(directionpoint.down.of(...
<forever> ...(nz_-pz_)<=tolerance;if.down_dir(z_b)
                                                  <=0:nz_.else:pz_.fi:=z_b; ...

zsolve->...))<=0:nz_.else:pz_.fi:=(SUFFIX3);endfor
                                                  .endgroup
put_ogonek->...),(1,y_right));zsolve.down_dir(z_b)
                                                  ;x_down':=xpart(lft(direct...
l.128  put_ogonek(the_pen)
                          ;
(That was another `errmessage'.)

! The direction doesn't occur.
<to be read again> 
                   ;
directionpoint->..."The direction doesn't occur");
                                                  fi.point.a_.of(EXPR3)endgroup
<to be read again> 
                   )
right_dir->...(z_a..controls.z_b.and(EXPR2)..z_d))
                                                  )-y_right.endgroup
<forever> ...nz_-pz_)<=tolerance;if.right_dir(z_c)
                                                  <=0:nz_.else:pz_.fi:=z_c; ...

zsolve->...))<=0:nz_.else:pz_.fi:=(SUFFIX3);endfor
                                                  .endgroup
down_dir->begingroup.zsolve.right_dir(z_c)
                                          ;lft(xpart(directionpoint.down.of(...
<forever> ...(nz_-pz_)<=tolerance;if.down_dir(z_b)
                                                  <=0:nz_.else:pz_.fi:=z_b; ...

zsolve->...))<=0:nz_.else:pz_.fi:=(SUFFIX3);endfor
                                                  .endgroup
put_ogonek->...),(1,y_right));zsolve.down_dir(z_b)
                                                  ;x_down':=xpart(lft(direct...
l.128  put_ogonek(the_pen)
                          ;
(That was another `errmessage'.)

! The direction doesn't occur.
<to be read again> 
                   ;
directionpoint->..."The direction doesn't occur");
                                                  fi.point.a_.of(EXPR3)endgroup
<to be read again> 
                   )
right_dir->...(z_a..controls.z_b.and(EXPR2)..z_d))
                                                  )-y_right.endgroup
<forever> ...nz_-pz_)<=tolerance;if.right_dir(z_c)
                                                  <=0:nz_.else:pz_.fi:=z_c; ...

zsolve->...))<=0:nz_.else:pz_.fi:=(SUFFIX3);endfor
                                                  .endgroup
down_dir->begingroup.zsolve.right_dir(z_c)
                                          ;lft(xpart(directionpoint.down.of(...
<forever> ...(nz_-pz_)<=tolerance;if.down_dir(z_b)
                                                  <=0:nz_.else:pz_.fi:=z_b; ...

zsolve->...))<=0:nz_.else:pz_.fi:=(SUFFIX3);endfor
                                                  .endgroup
put_ogonek->...),(1,y_right));zsolve.down_dir(z_b)
                                                  ;x_down':=xpart(lft(direct...
l.128  put_ogonek(the_pen)
                          ;
(That was another `errmessage'.)

! The direction doesn't occur.
<to be read again> 
                   ;
directionpoint->..."The direction doesn't occur");
                                                  fi.point.a_.of(EXPR3)endgroup
<to be read again> 
                   )
right_dir->...(z_a..controls.z_b.and(EXPR2)..z_d))
                                                  )-y_right.endgroup
<forever> ...nz_-pz_)<=tolerance;if.right_dir(z_c)
                                                  <=0:nz_.else:pz_.fi:=z_c; ...

zsolve->...))<=0:nz_.else:pz_.fi:=(SUFFIX3);endfor
                                                  .endgroup
down_dir->begingroup.zsolve.right_dir(z_c)
                                          ;lft(xpart(directionpoint.down.of(...
<forever> ...(nz_-pz_)<=tolerance;if.down_dir(z_b)
                                                  <=0:nz_.else:pz_.fi:=z_b; ...

zsolve->...))<=0:nz_.else:pz_.fi:=(SUFFIX3);endfor
                                                  .endgroup
put_ogonek->...),(1,y_right));zsolve.down_dir(z_b)
                                                  ;x_down':=xpart(lft(direct...
l.128  put_ogonek(the_pen)
                          ;
(That was another `errmessage'.)

! The direction doesn't occur.
<to be read again> 
                   ;
directionpoint->..."The direction doesn't occur");
                                                  fi.point.a_.of(EXPR3)endgroup
<to be read again> 
                   )
down_dir->...of(z_a..controls(EXPR2)and.z_c..z_d))
                                                  )-x_down.endgroup
<forever> ...(nz_-pz_)<=tolerance;if.down_dir(z_b)
                                                  <=0:nz_.else:pz_.fi:=z_b; ...

zsolve->...))<=0:nz_.else:pz_.fi:=(SUFFIX3);endfor
                                                  .endgroup
put_ogonek->...),(1,y_right));zsolve.down_dir(z_b)
                                                  ;x_down':=xpart(lft(direct...
l.128  put_ogonek(the_pen)
                          ;
(That was another `errmessage'.)

! The direction doesn't occur.
<to be read again> 
                   ;
directionpoint->..."The direction doesn't occur");
                                                  fi.point.a_.of(EXPR3)endgroup
<to be read again> 
                   )
right_dir->...(z_a..controls.z_b.and(EXPR2)..z_d))
                                                  )-y_right.endgroup
<forever> ...nz_-pz_)<=tolerance;if.right_dir(z_c)
                                                  <=0:nz_.else:pz_.fi:=z_c; ...

zsolve->...))<=0:nz_.else:pz_.fi:=(SUFFIX3);endfor
                                                  .endgroup
down_dir->begingroup.zsolve.right_dir(z_c)
                                          ;lft(xpart(directionpoint.down.of(...
<forever> ...(nz_-pz_)<=tolerance;if.down_dir(z_b)
                                                  <=0:nz_.else:pz_.fi:=z_b; ...

zsolve->...))<=0:nz_.else:pz_.fi:=(SUFFIX3);endfor
                                                  .endgroup
put_ogonek->...),(1,y_right));zsolve.down_dir(z_b)
                                                  ;x_down':=xpart(lft(direct...
l.128  put_ogonek(the_pen)
                          ;
(That was another `errmessage'.)

! The direction doesn't occur.
<to be read again> 
                   ;
directionpoint->..."The direction doesn't occur");
                                                  fi.point.a_.of(EXPR3)endgroup
<to be read again> 
                   )
right_dir->...(z_a..controls.z_b.and(EXPR2)..z_d))
                                                  )-y_right.endgroup
<forever> ...nz_-pz_)<=tolerance;if.right_dir(z_c)
                                                  <=0:nz_.else:pz_.fi:=z_c; ...

zsolve->...))<=0:nz_.else:pz_.fi:=(SUFFIX3);endfor
                                                  .endgroup
down_dir->begingroup.zsolve.right_dir(z_c)
                                          ;lft(xpart(directionpoint.down.of(...
<forever> ...(nz_-pz_)<=tolerance;if.down_dir(z_b)
                                                  <=0:nz_.else:pz_.fi:=z_b; ...

zsolve->...))<=0:nz_.else:pz_.fi:=(SUFFIX3);endfor
                                                  .endgroup
put_ogonek->...),(1,y_right));zsolve.down_dir(z_b)
                                                  ;x_down':=xpart(lft(direct...
l.128  put_ogonek(the_pen)
                          ;
(That was another `errmessage'.)

! The direction doesn't occur.
<to be read again> 
                   ;
directionpoint->..."The direction doesn't occur");
                                                  fi.point.a_.of(EXPR3)endgroup
<to be read again> 
                   )
right_dir->...(z_a..controls.z_b.and(EXPR2)..z_d))
                                                  )-y_right.endgroup
<forever> ...nz_-pz_)<=tolerance;if.right_dir(z_c)
                                                  <=0:nz_.else:pz_.fi:=z_c; ...

zsolve->...))<=0:nz_.else:pz_.fi:=(SUFFIX3);endfor
                                                  .endgroup
down_dir->begingroup.zsolve.right_dir(z_c)
                                          ;lft(xpart(directionpoint.down.of(...
<forever> ...(nz_-pz_)<=tolerance;if.down_dir(z_b)
                                                  <=0:nz_.else:pz_.fi:=z_b; ...

zsolve->...))<=0:nz_.else:pz_.fi:=(SUFFIX3);endfor
                                                  .endgroup
put_ogonek->...),(1,y_right));zsolve.down_dir(z_b)
                                                  ;x_down':=xpart(lft(direct...
l.128  put_ogonek(the_pen)
                          ;
(That was another `errmessage'.)

! The direction doesn't occur.
<to be read again> 
                   ;
directionpoint->..."The direction doesn't occur");
                                                  fi.point.a_.of(EXPR3)endgroup
<to be read again> 
                   )
right_dir->...(z_a..controls.z_b.and(EXPR2)..z_d))
                                                  )-y_right.endgroup
<forever> ...nz_-pz_)<=tolerance;if.right_dir(z_c)
                                                  <=0:nz_.else:pz_.fi:=z_c; ...

zsolve->...))<=0:nz_.else:pz_.fi:=(SUFFIX3);endfor
                                                  .endgroup
down_dir->begingroup.zsolve.right_dir(z_c)
                                          ;lft(xpart(directionpoint.down.of(...
<forever> ...(nz_-pz_)<=tolerance;if.down_dir(z_b)
                                                  <=0:nz_.else:pz_.fi:=z_b; ...

zsolve->...))<=0:nz_.else:pz_.fi:=(SUFFIX3);endfor
                                                  .endgroup
put_ogonek->...),(1,y_right));zsolve.down_dir(z_b)
                                                  ;x_down':=xpart(lft(direct...
l.128  put_ogonek(the_pen)
                          ;
(That was another `errmessage'.)

! The direction doesn't occur.
<to be read again> 
                   ;
directionpoint->..."The direction doesn't occur");
                                                  fi.point.a_.of(EXPR3)endgroup
<to be read again> 
                   )
right_dir->...(z_a..controls.z_b.and(EXPR2)..z_d))
                                                  )-y_right.endgroup
<forever> ...nz_-pz_)<=tolerance;if.right_dir(z_c)
                                                  <=0:nz_.else:pz_.fi:=z_c; ...

zsolve->...))<=0:nz_.else:pz_.fi:=(SUFFIX3);endfor
                                                  .endgroup
down_dir->begingroup.zsolve.right_dir(z_c)
                                          ;lft(xpart(directionpoint.down.of(...
<forever> ...(nz_-pz_)<=tolerance;if.down_dir(z_b)
                                                  <=0:nz_.else:pz_.fi:=z_b; ...

zsolve->...))<=0:nz_.else:pz_.fi:=(SUFFIX3);endfor
                                                  .endgroup
put_ogonek->...),(1,y_right));zsolve.down_dir(z_b)
                                                  ;x_down':=xpart(lft(direct...
l.128  put_ogonek(the_pen)
                          ;
(That was another `errmessage'.)

! The direction doesn't occur.
<to be read again> 
                   ;
directionpoint->..."The direction doesn't occur");
                                                  fi.point.a_.of(EXPR3)endgroup
<to be read again> 
                   )
right_dir->...(z_a..controls.z_b.and(EXPR2)..z_d))
                                                  )-y_right.endgroup
<forever> ...nz_-pz_)<=tolerance;if.right_dir(z_c)
                                                  <=0:nz_.else:pz_.fi:=z_c; ...

zsolve->...))<=0:nz_.else:pz_.fi:=(SUFFIX3);endfor
                                                  .endgroup
down_dir->begingroup.zsolve.right_dir(z_c)
                                          ;lft(xpart(directionpoint.down.of(...
<forever> ...(nz_-pz_)<=tolerance;if.down_dir(z_b)
                                                  <=0:nz_.else:pz_.fi:=z_b; ...

zsolve->...))<=0:nz_.else:pz_.fi:=(SUFFIX3);endfor
                                                  .endgroup
put_ogonek->...),(1,y_right));zsolve.down_dir(z_b)
                                                  ;x_down':=xpart(lft(direct...
l.128  put_ogonek(the_pen)
                          ;
(That was another `errmessage'.)

! The direction doesn't occur.
<to be read again> 
                   ;
directionpoint->..."The direction doesn't occur");
                                                  fi.point.a_.of(EXPR3)endgroup
<to be read again> 
                   )
right_dir->...(z_a..controls.z_b.and(EXPR2)..z_d))
                                                  )-y_right.endgroup
<forever> ...nz_-pz_)<=tolerance;if.right_dir(z_c)
                                                  <=0:nz_.else:pz_.fi:=z_c; ...

zsolve->...))<=0:nz_.else:pz_.fi:=(SUFFIX3);endfor
                                                  .endgroup
down_dir->begingroup.zsolve.right_dir(z_c)
                                          ;lft(xpart(directionpoint.down.of(...
<forever> ...(nz_-pz_)<=tolerance;if.down_dir(z_b)
                                                  <=0:nz_.else:pz_.fi:=z_b; ...

zsolve->...))<=0:nz_.else:pz_.fi:=(SUFFIX3);endfor
                                                  .endgroup
put_ogonek->...),(1,y_right));zsolve.down_dir(z_b)
                                                  ;x_down':=xpart(lft(direct...
l.128  put_ogonek(the_pen)
                          ;
(That was another `errmessage'.)

! The direction doesn't occur.
<to be read again> 
                   ;
directionpoint->..."The direction doesn't occur");
                                                  fi.point.a_.of(EXPR3)endgroup
<to be read again> 
                   )
right_dir->...(z_a..controls.z_b.and(EXPR2)..z_d))
                                                  )-y_right.endgroup
<forever> ...nz_-pz_)<=tolerance;if.right_dir(z_c)
                                                  <=0:nz_.else:pz_.fi:=z_c; ...

zsolve->...))<=0:nz_.else:pz_.fi:=(SUFFIX3);endfor
                                                  .endgroup
down_dir->begingroup.zsolve.right_dir(z_c)
                                          ;lft(xpart(directionpoint.down.of(...
<forever> ...(nz_-pz_)<=tolerance;if.down_dir(z_b)
                                                  <=0:nz_.else:pz_.fi:=z_b; ...

zsolve->...))<=0:nz_.else:pz_.fi:=(SUFFIX3);endfor
                                                  .endgroup
put_ogonek->...),(1,y_right));zsolve.down_dir(z_b)
                                                  ;x_down':=xpart(lft(direct...
l.128  put_ogonek(the_pen)
                          ;
(That was another `errmessage'.)

! The direction doesn't occur.
<to be read again> 
                   ;
directionpoint->..."The direction doesn't occur");
                                                  fi.point.a_.of(EXPR3)endgroup
<to be read again> 
                   )
down_dir->...of(z_a..controls(EXPR2)and.z_c..z_d))
                                                  )-x_down.endgroup
<forever> ...(nz_-pz_)<=tolerance;if.down_dir(z_b)
                                                  <=0:nz_.else:pz_.fi:=z_b; ...

zsolve->...))<=0:nz_.else:pz_.fi:=(SUFFIX3);endfor
                                                  .endgroup
put_ogonek->...),(1,y_right));zsolve.down_dir(z_b)
                                                  ;x_down':=xpart(lft(direct...
l.128  put_ogonek(the_pen)
                          ;
(That was another `errmessage'.)

! The direction doesn't occur.
<to be read again> 
                   ;
directionpoint->..."The direction doesn't occur");
                                                  fi.point.a_.of(EXPR3)endgroup
<to be read again> 
                   )
right_dir->...(z_a..controls.z_b.and(EXPR2)..z_d))
                                                  )-y_right.endgroup
<forever> ...nz_-pz_)<=tolerance;if.right_dir(z_c)
                                                  <=0:nz_.else:pz_.fi:=z_c; ...

zsolve->...))<=0:nz_.else:pz_.fi:=(SUFFIX3);endfor
                                                  .endgroup
down_dir->begingroup.zsolve.right_dir(z_c)
                                          ;lft(xpart(directionpoint.down.of(...
<forever> ...(nz_-pz_)<=tolerance;if.down_dir(z_b)
                                                  <=0:nz_.else:pz_.fi:=z_b; ...

zsolve->...))<=0:nz_.else:pz_.fi:=(SUFFIX3);endfor
                                                  .endgroup
put_ogonek->...),(1,y_right));zsolve.down_dir(z_b)
                                                  ;x_down':=xpart(lft(direct...
l.128  put_ogonek(the_pen)
                          ;
(That was another `errmessage'.)

! The direction doesn't occur.
<to be read again> 
                   ;
directionpoint->..."The direction doesn't occur");
                                                  fi.point.a_.of(EXPR3)endgroup
<to be read again> 
                   )
right_dir->...(z_a..controls.z_b.and(EXPR2)..z_d))
                                                  )-y_right.endgroup
<forever> ...nz_-pz_)<=tolerance;if.right_dir(z_c)
                                                  <=0:nz_.else:pz_.fi:=z_c; ...

zsolve->...))<=0:nz_.else:pz_.fi:=(SUFFIX3);endfor
                                                  .endgroup
down_dir->begingroup.zsolve.right_dir(z_c)
                                          ;lft(xpart(directionpoint.down.of(...
<forever> ...(nz_-pz_)<=tolerance;if.down_dir(z_b)
                                                  <=0:nz_.else:pz_.fi:=z_b; ...

zsolve->...))<=0:nz_.else:pz_.fi:=(SUFFIX3);endfor
                                                  .endgroup
put_ogonek->...),(1,y_right));zsolve.down_dir(z_b)
                                                  ;x_down':=xpart(lft(direct...
l.128  put_ogonek(the_pen)
                          ;
(That was another `errmessage'.)

! The direction doesn't occur.
<to be read again> 
                   ;
directionpoint->..."The direction doesn't occur");
                                                  fi.point.a_.of(EXPR3)endgroup
<to be read again> 
                   )
right_dir->...(z_a..controls.z_b.and(EXPR2)..z_d))
                                                  )-y_right.endgroup
<forever> ...nz_-pz_)<=tolerance;if.right_dir(z_c)
                                                  <=0:nz_.else:pz_.fi:=z_c; ...

zsolve->...))<=0:nz_.else:pz_.fi:=(SUFFIX3);endfor
                                                  .endgroup
down_dir->begingroup.zsolve.right_dir(z_c)
                                          ;lft(xpart(directionpoint.down.of(...
<forever> ...(nz_-pz_)<=tolerance;if.down_dir(z_b)
                                                  <=0:nz_.else:pz_.fi:=z_b; ...

zsolve->...))<=0:nz_.else:pz_.fi:=(SUFFIX3);endfor
                                                  .endgroup
put_ogonek->...),(1,y_right));zsolve.down_dir(z_b)
                                                  ;x_down':=xpart(lft(direct...
l.128  put_ogonek(the_pen)
                          ;
(That was another `errmessage'.)

! The direction doesn't occur.
<to be read again> 
                   ;
directionpoint->..."The direction doesn't occur");
                                                  fi.point.a_.of(EXPR3)endgroup
<to be read again> 
                   )
right_dir->...(z_a..controls.z_b.and(EXPR2)..z_d))
                                                  )-y_right.endgroup
<forever> ...nz_-pz_)<=tolerance;if.right_dir(z_c)
                                                  <=0:nz_.else:pz_.fi:=z_c; ...

zsolve->...))<=0:nz_.else:pz_.fi:=(SUFFIX3);endfor
                                                  .endgroup
down_dir->begingroup.zsolve.right_dir(z_c)
                                          ;lft(xpart(directionpoint.down.of(...
<forever> ...(nz_-pz_)<=tolerance;if.down_dir(z_b)
                                                  <=0:nz_.else:pz_.fi:=z_b; ...

zsolve->...))<=0:nz_.else:pz_.fi:=(SUFFIX3);endfor
                                                  .endgroup
put_ogonek->...),(1,y_right));zsolve.down_dir(z_b)
                                                  ;x_down':=xpart(lft(direct...
l.128  put_ogonek(the_pen)
                          ;
(That was another `errmessage'.)

! The direction doesn't occur.
<to be read again> 
                   ;
directionpoint->..."The direction doesn't occur");
                                                  fi.point.a_.of(EXPR3)endgroup
<to be read again> 
                   )
right_dir->...(z_a..controls.z_b.and(EXPR2)..z_d))
                                                  )-y_right.endgroup
<forever> ...nz_-pz_)<=tolerance;if.right_dir(z_c)
                                                  <=0:nz_.else:pz_.fi:=z_c; ...

zsolve->...))<=0:nz_.else:pz_.fi:=(SUFFIX3);endfor
                                                  .endgroup
down_dir->begingroup.zsolve.right_dir(z_c)
                                          ;lft(xpart(directionpoint.down.of(...
<forever> ...(nz_-pz_)<=tolerance;if.down_dir(z_b)
                                                  <=0:nz_.else:pz_.fi:=z_b; ...

zsolve->...))<=0:nz_.else:pz_.fi:=(SUFFIX3);endfor
                                                  .endgroup
put_ogonek->...),(1,y_right));zsolve.down_dir(z_b)
                                                  ;x_down':=xpart(lft(direct...
l.128  put_ogonek(the_pen)
                          ;
(That was another `errmessage'.)

! The direction doesn't occur.
<to be read again> 
                   ;
directionpoint->..."The direction doesn't occur");
                                                  fi.point.a_.of(EXPR3)endgroup
<to be read again> 
                   )
right_dir->...(z_a..controls.z_b.and(EXPR2)..z_d))
                                                  )-y_right.endgroup
<forever> ...nz_-pz_)<=tolerance;if.right_dir(z_c)
                                                  <=0:nz_.else:pz_.fi:=z_c; ...

zsolve->...))<=0:nz_.else:pz_.fi:=(SUFFIX3);endfor
                                                  .endgroup
down_dir->begingroup.zsolve.right_dir(z_c)
                                          ;lft(xpart(directionpoint.down.of(...
<forever> ...(nz_-pz_)<=tolerance;if.down_dir(z_b)
                                                  <=0:nz_.else:pz_.fi:=z_b; ...

zsolve->...))<=0:nz_.else:pz_.fi:=(SUFFIX3);endfor
                                                  .endgroup
put_ogonek->...),(1,y_right));zsolve.down_dir(z_b)
                                                  ;x_down':=xpart(lft(direct...
l.128  put_ogonek(the_pen)
                          ;
(That was another `errmessage'.)

! The direction doesn't occur.
<to be read again> 
                   ;
directionpoint->..."The direction doesn't occur");
                                                  fi.point.a_.of(EXPR3)endgroup
<to be read again> 
                   )
right_dir->...(z_a..controls.z_b.and(EXPR2)..z_d))
                                                  )-y_right.endgroup
<forever> ...nz_-pz_)<=tolerance;if.right_dir(z_c)
                                                  <=0:nz_.else:pz_.fi:=z_c; ...

zsolve->...))<=0:nz_.else:pz_.fi:=(SUFFIX3);endfor
                                                  .endgroup
down_dir->begingroup.zsolve.right_dir(z_c)
                                          ;lft(xpart(directionpoint.down.of(...
<forever> ...(nz_-pz_)<=tolerance;if.down_dir(z_b)
                                                  <=0:nz_.else:pz_.fi:=z_b; ...

zsolve->...))<=0:nz_.else:pz_.fi:=(SUFFIX3);endfor
                                                  .endgroup
put_ogonek->...),(1,y_right));zsolve.down_dir(z_b)
                                                  ;x_down':=xpart(lft(direct...
l.128  put_ogonek(the_pen)
                          ;
(That was another `errmessage'.)

! The direction doesn't occur.
<to be read again> 
                   ;
directionpoint->..."The direction doesn't occur");
                                                  fi.point.a_.of(EXPR3)endgroup
<to be read again> 
                   )
right_dir->...(z_a..controls.z_b.and(EXPR2)..z_d))
                                                  )-y_right.endgroup
<forever> ...nz_-pz_)<=tolerance;if.right_dir(z_c)
                                                  <=0:nz_.else:pz_.fi:=z_c; ...

zsolve->...))<=0:nz_.else:pz_.fi:=(SUFFIX3);endfor
                                                  .endgroup
down_dir->begingroup.zsolve.right_dir(z_c)
                                          ;lft(xpart(directionpoint.down.of(...
<forever> ...(nz_-pz_)<=tolerance;if.down_dir(z_b)
                                                  <=0:nz_.else:pz_.fi:=z_b; ...

zsolve->...))<=0:nz_.else:pz_.fi:=(SUFFIX3);endfor
                                                  .endgroup
put_ogonek->...),(1,y_right));zsolve.down_dir(z_b)
                                                  ;x_down':=xpart(lft(direct...
l.128  put_ogonek(the_pen)
                          ;
(That was another `errmessage'.)

! The direction doesn't occur.
<to be read again> 
                   ;
directionpoint->..."The direction doesn't occur");
                                                  fi.point.a_.of(EXPR3)endgroup
<to be read again> 
                   )
down_dir->...of(z_a..controls(EXPR2)and.z_c..z_d))
                                                  )-x_down.endgroup
<forever> ...(nz_-pz_)<=tolerance;if.down_dir(z_b)
                                                  <=0:nz_.else:pz_.fi:=z_b; ...

zsolve->...))<=0:nz_.else:pz_.fi:=(SUFFIX3);endfor
                                                  .endgroup
put_ogonek->...),(1,y_right));zsolve.down_dir(z_b)
                                                  ;x_down':=xpart(lft(direct...
l.128  put_ogonek(the_pen)
                          ;
(That was another `errmessage'.)

! The direction doesn't occur.
<to be read again> 
                   ;
directionpoint->..."The direction doesn't occur");
                                                  fi.point.a_.of(EXPR3)endgroup
<to be read again> 
                   )
right_dir->...(z_a..controls.z_b.and(EXPR2)..z_d))
                                                  )-y_right.endgroup
<forever> ...nz_-pz_)<=tolerance;if.right_dir(z_c)
                                                  <=0:nz_.else:pz_.fi:=z_c; ...

zsolve->...))<=0:nz_.else:pz_.fi:=(SUFFIX3);endfor
                                                  .endgroup
down_dir->begingroup.zsolve.right_dir(z_c)
                                          ;lft(xpart(directionpoint.down.of(...
<forever> ...(nz_-pz_)<=tolerance;if.down_dir(z_b)
                                                  <=0:nz_.else:pz_.fi:=z_b; ...

zsolve->...))<=0:nz_.else:pz_.fi:=(SUFFIX3);endfor
                                                  .endgroup
put_ogonek->...),(1,y_right));zsolve.down_dir(z_b)
                                                  ;x_down':=xpart(lft(direct...
l.128  put_ogonek(the_pen)
                          ;
(That was another `errmessage'.)

! The direction doesn't occur.
<to be read again> 
                   ;
directionpoint->..."The direction doesn't occur");
                                                  fi.point.a_.of(EXPR3)endgroup
<to be read again> 
                   )
right_dir->...(z_a..controls.z_b.and(EXPR2)..z_d))
                                                  )-y_right.endgroup
<forever> ...nz_-pz_)<=tolerance;if.right_dir(z_c)
                                                  <=0:nz_.else:pz_.fi:=z_c; ...

zsolve->...))<=0:nz_.else:pz_.fi:=(SUFFIX3);endfor
                                                  .endgroup
down_dir->begingroup.zsolve.right_dir(z_c)
                                          ;lft(xpart(directionpoint.down.of(...
<forever> ...(nz_-pz_)<=tolerance;if.down_dir(z_b)
                                                  <=0:nz_.else:pz_.fi:=z_b; ...

zsolve->...))<=0:nz_.else:pz_.fi:=(SUFFIX3);endfor
                                                  .endgroup
put_ogonek->...),(1,y_right));zsolve.down_dir(z_b)
                                                  ;x_down':=xpart(lft(direct...
l.128  put_ogonek(the_pen)
                          ;
(That was another `errmessage'.)

! The direction doesn't occur.
<to be read again> 
                   ;
directionpoint->..."The direction doesn't occur");
                                                  fi.point.a_.of(EXPR3)endgroup
<to be read again> 
                   )
right_dir->...(z_a..controls.z_b.and(EXPR2)..z_d))
                                                  )-y_right.endgroup
<forever> ...nz_-pz_)<=tolerance;if.right_dir(z_c)
                                                  <=0:nz_.else:pz_.fi:=z_c; ...

zsolve->...))<=0:nz_.else:pz_.fi:=(SUFFIX3);endfor
                                                  .endgroup
down_dir->begingroup.zsolve.right_dir(z_c)
                                          ;lft(xpart(directionpoint.down.of(...
<forever> ...(nz_-pz_)<=tolerance;if.down_dir(z_b)
                                                  <=0:nz_.else:pz_.fi:=z_b; ...

zsolve->...))<=0:nz_.else:pz_.fi:=(SUFFIX3);endfor
                                                  .endgroup
put_ogonek->...),(1,y_right));zsolve.down_dir(z_b)
                                                  ;x_down':=xpart(lft(direct...
l.128  put_ogonek(the_pen)
                          ;
(That was another `errmessage'.)

! The direction doesn't occur.
<to be read again> 
                   ;
directionpoint->..."The direction doesn't occur");
                                                  fi.point.a_.of(EXPR3)endgroup
<to be read again> 
                   )
right_dir->...(z_a..controls.z_b.and(EXPR2)..z_d))
                                                  )-y_right.endgroup
<forever> ...nz_-pz_)<=tolerance;if.right_dir(z_c)
                                                  <=0:nz_.else:pz_.fi:=z_c; ...

zsolve->...))<=0:nz_.else:pz_.fi:=(SUFFIX3);endfor
                                                  .endgroup
down_dir->begingroup.zsolve.right_dir(z_c)
                                          ;lft(xpart(directionpoint.down.of(...
<forever> ...(nz_-pz_)<=tolerance;if.down_dir(z_b)
                                                  <=0:nz_.else:pz_.fi:=z_b; ...

zsolve->...))<=0:nz_.else:pz_.fi:=(SUFFIX3);endfor
                                                  .endgroup
put_ogonek->...),(1,y_right));zsolve.down_dir(z_b)
                                                  ;x_down':=xpart(lft(direct...
l.128  put_ogonek(the_pen)
                          ;
(That was another `errmessage'.)

! The direction doesn't occur.
<to be read again> 
                   ;
directionpoint->..."The direction doesn't occur");
                                                  fi.point.a_.of(EXPR3)endgroup
<to be read again> 
                   )
right_dir->...(z_a..controls.z_b.and(EXPR2)..z_d))
                                                  )-y_right.endgroup
<forever> ...nz_-pz_)<=tolerance;if.right_dir(z_c)
                                                  <=0:nz_.else:pz_.fi:=z_c; ...

zsolve->...))<=0:nz_.else:pz_.fi:=(SUFFIX3);endfor
                                                  .endgroup
down_dir->begingroup.zsolve.right_dir(z_c)
                                          ;lft(xpart(directionpoint.down.of(...
<forever> ...(nz_-pz_)<=tolerance;if.down_dir(z_b)
                                                  <=0:nz_.else:pz_.fi:=z_b; ...

zsolve->...))<=0:nz_.else:pz_.fi:=(SUFFIX3);endfor
                                                  .endgroup
put_ogonek->...),(1,y_right));zsolve.down_dir(z_b)
                                                  ;x_down':=xpart(lft(direct...
l.128  put_ogonek(the_pen)
                          ;
(That was another `errmessage'.)

! The direction doesn't occur.
<to be read again> 
                   ;
directionpoint->..."The direction doesn't occur");
                                                  fi.point.a_.of(EXPR3)endgroup
<to be read again> 
                   )
right_dir->...(z_a..controls.z_b.and(EXPR2)..z_d))
                                                  )-y_right.endgroup
<forever> ...nz_-pz_)<=tolerance;if.right_dir(z_c)
                                                  <=0:nz_.else:pz_.fi:=z_c; ...

zsolve->...))<=0:nz_.else:pz_.fi:=(SUFFIX3);endfor
                                                  .endgroup
down_dir->begingroup.zsolve.right_dir(z_c)
                                          ;lft(xpart(directionpoint.down.of(...
<forever> ...(nz_-pz_)<=tolerance;if.down_dir(z_b)
                                                  <=0:nz_.else:pz_.fi:=z_b; ...

zsolve->...))<=0:nz_.else:pz_.fi:=(SUFFIX3);endfor
                                                  .endgroup
put_ogonek->...),(1,y_right));zsolve.down_dir(z_b)
                                                  ;x_down':=xpart(lft(direct...
l.128  put_ogonek(the_pen)
                          ;
(That was another `errmessage'.)

! The direction doesn't occur.
<to be read again> 
                   ;
directionpoint->..."The direction doesn't occur");
                                                  fi.point.a_.of(EXPR3)endgroup
<to be read again> 
                   )
right_dir->...(z_a..controls.z_b.and(EXPR2)..z_d))
                                                  )-y_right.endgroup
<forever> ...nz_-pz_)<=tolerance;if.right_dir(z_c)
                                                  <=0:nz_.else:pz_.fi:=z_c; ...

zsolve->...))<=0:nz_.else:pz_.fi:=(SUFFIX3);endfor
                                                  .endgroup
down_dir->begingroup.zsolve.right_dir(z_c)
                                          ;lft(xpart(directionpoint.down.of(...
<forever> ...(nz_-pz_)<=tolerance;if.down_dir(z_b)
                                                  <=0:nz_.else:pz_.fi:=z_b; ...

zsolve->...))<=0:nz_.else:pz_.fi:=(SUFFIX3);endfor
                                                  .endgroup
put_ogonek->...),(1,y_right));zsolve.down_dir(z_b)
                                                  ;x_down':=xpart(lft(direct...
l.128  put_ogonek(the_pen)
                          ;
(That was another `errmessage'.)

! The direction doesn't occur.
<to be read again> 
                   ;
directionpoint->..."The direction doesn't occur");
                                                  fi.point.a_.of(EXPR3)endgroup
<to be read again> 
                   )
right_dir->...(z_a..controls.z_b.and(EXPR2)..z_d))
                                                  )-y_right.endgroup
<forever> ...nz_-pz_)<=tolerance;if.right_dir(z_c)
                                                  <=0:nz_.else:pz_.fi:=z_c; ...

zsolve->...))<=0:nz_.else:pz_.fi:=(SUFFIX3);endfor
                                                  .endgroup
down_dir->begingroup.zsolve.right_dir(z_c)
                                          ;lft(xpart(directionpoint.down.of(...
<forever> ...(nz_-pz_)<=tolerance;if.down_dir(z_b)
                                                  <=0:nz_.else:pz_.fi:=z_b; ...

zsolve->...))<=0:nz_.else:pz_.fi:=(SUFFIX3);endfor
                                                  .endgroup
put_ogonek->...),(1,y_right));zsolve.down_dir(z_b)
                                                  ;x_down':=xpart(lft(direct...
l.128  put_ogonek(the_pen)
                          ;
(That was another `errmessage'.)

! The direction doesn't occur.
<to be read again> 
                   ;
directionpoint->..."The direction doesn't occur");
                                                  fi.point.a_.of(EXPR3)endgroup
<to be read again> 
                   )
down_dir->...of(z_a..controls(EXPR2)and.z_c..z_d))
                                                  )-x_down.endgroup
<forever> ...(nz_-pz_)<=tolerance;if.down_dir(z_b)
                                                  <=0:nz_.else:pz_.fi:=z_b; ...

zsolve->...))<=0:nz_.else:pz_.fi:=(SUFFIX3);endfor
                                                  .endgroup
put_ogonek->...),(1,y_right));zsolve.down_dir(z_b)
                                                  ;x_down':=xpart(lft(direct...
l.128  put_ogonek(the_pen)
                          ;
(That was another `errmessage'.)

! The direction doesn't occur.
<to be read again> 
                   ;
directionpoint->..."The direction doesn't occur");
                                                  fi.point.a_.of(EXPR3)endgroup
<to be read again> 
                   )
right_dir->...(z_a..controls.z_b.and(EXPR2)..z_d))
                                                  )-y_right.endgroup
<forever> ...nz_-pz_)<=tolerance;if.right_dir(z_c)
                                                  <=0:nz_.else:pz_.fi:=z_c; ...

zsolve->...))<=0:nz_.else:pz_.fi:=(SUFFIX3);endfor
                                                  .endgroup
down_dir->begingroup.zsolve.right_dir(z_c)
                                          ;lft(xpart(directionpoint.down.of(...
<forever> ...(nz_-pz_)<=tolerance;if.down_dir(z_b)
                                                  <=0:nz_.else:pz_.fi:=z_b; ...

zsolve->...))<=0:nz_.else:pz_.fi:=(SUFFIX3);endfor
                                                  .endgroup
put_ogonek->...),(1,y_right));zsolve.down_dir(z_b)
                                                  ;x_down':=xpart(lft(direct...
l.128  put_ogonek(the_pen)
                          ;
(That was another `errmessage'.)

! The direction doesn't occur.
<to be read again> 
                   ;
directionpoint->..."The direction doesn't occur");
                                                  fi.point.a_.of(EXPR3)endgroup
<to be read again> 
                   )
right_dir->...(z_a..controls.z_b.and(EXPR2)..z_d))
                                                  )-y_right.endgroup
<forever> ...nz_-pz_)<=tolerance;if.right_dir(z_c)
                                                  <=0:nz_.else:pz_.fi:=z_c; ...

zsolve->...))<=0:nz_.else:pz_.fi:=(SUFFIX3);endfor
                                                  .endgroup
down_dir->begingroup.zsolve.right_dir(z_c)
                                          ;lft(xpart(directionpoint.down.of(...
<forever> ...(nz_-pz_)<=tolerance;if.down_dir(z_b)
                                                  <=0:nz_.else:pz_.fi:=z_b; ...

zsolve->...))<=0:nz_.else:pz_.fi:=(SUFFIX3);endfor
                                                  .endgroup
put_ogonek->...),(1,y_right));zsolve.down_dir(z_b)
                                                  ;x_down':=xpart(lft(direct...
l.128  put_ogonek(the_pen)
                          ;
(That was another `errmessage'.)

! The direction doesn't occur.
<to be read again> 
                   ;
directionpoint->..."The direction doesn't occur");
                                                  fi.point.a_.of(EXPR3)endgroup
<to be read again> 
                   )
right_dir->...(z_a..controls.z_b.and(EXPR2)..z_d))
                                                  )-y_right.endgroup
<forever> ...nz_-pz_)<=tolerance;if.right_dir(z_c)
                                                  <=0:nz_.else:pz_.fi:=z_c; ...

zsolve->...))<=0:nz_.else:pz_.fi:=(SUFFIX3);endfor
                                                  .endgroup
down_dir->begingroup.zsolve.right_dir(z_c)
                                          ;lft(xpart(directionpoint.down.of(...
<forever> ...(nz_-pz_)<=tolerance;if.down_dir(z_b)
                                                  <=0:nz_.else:pz_.fi:=z_b; ...

zsolve->...))<=0:nz_.else:pz_.fi:=(SUFFIX3);endfor
                                                  .endgroup
put_ogonek->...),(1,y_right));zsolve.down_dir(z_b)
                                                  ;x_down':=xpart(lft(direct...
l.128  put_ogonek(the_pen)
                          ;
(That was another `errmessage'.)

! The direction doesn't occur.
<to be read again> 
                   ;
directionpoint->..."The direction doesn't occur");
                                                  fi.point.a_.of(EXPR3)endgroup
<to be read again> 
                   )
right_dir->...(z_a..controls.z_b.and(EXPR2)..z_d))
                                                  )-y_right.endgroup
<forever> ...nz_-pz_)<=tolerance;if.right_dir(z_c)
                                                  <=0:nz_.else:pz_.fi:=z_c; ...

zsolve->...))<=0:nz_.else:pz_.fi:=(SUFFIX3);endfor
                                                  .endgroup
down_dir->begingroup.zsolve.right_dir(z_c)
                                          ;lft(xpart(directionpoint.down.of(...
<forever> ...(nz_-pz_)<=tolerance;if.down_dir(z_b)
                                                  <=0:nz_.else:pz_.fi:=z_b; ...

zsolve->...))<=0:nz_.else:pz_.fi:=(SUFFIX3);endfor
                                                  .endgroup
put_ogonek->...),(1,y_right));zsolve.down_dir(z_b)
                                                  ;x_down':=xpart(lft(direct...
l.128  put_ogonek(the_pen)
                          ;
(That was another `errmessage'.)

! The direction doesn't occur.
<to be read again> 
                   ;
directionpoint->..."The direction doesn't occur");
                                                  fi.point.a_.of(EXPR3)endgroup
<to be read again> 
                   )
right_dir->...(z_a..controls.z_b.and(EXPR2)..z_d))
                                                  )-y_right.endgroup
<forever> ...nz_-pz_)<=tolerance;if.right_dir(z_c)
                                                  <=0:nz_.else:pz_.fi:=z_c; ...

zsolve->...))<=0:nz_.else:pz_.fi:=(SUFFIX3);endfor
                                                  .endgroup
down_dir->begingroup.zsolve.right_dir(z_c)
                                          ;lft(xpart(directionpoint.down.of(...
<forever> ...(nz_-pz_)<=tolerance;if.down_dir(z_b)
                                                  <=0:nz_.else:pz_.fi:=z_b; ...

zsolve->...))<=0:nz_.else:pz_.fi:=(SUFFIX3);endfor
                                                  .endgroup
put_ogonek->...),(1,y_right));zsolve.down_dir(z_b)
                                                  ;x_down':=xpart(lft(direct...
l.128  put_ogonek(the_pen)
                          ;
(That was another `errmessage'.)

! The direction doesn't occur.
<to be read again> 
                   ;
directionpoint->..."The direction doesn't occur");
                                                  fi.point.a_.of(EXPR3)endgroup
<to be read again> 
                   )
right_dir->...(z_a..controls.z_b.and(EXPR2)..z_d))
                                                  )-y_right.endgroup
<forever> ...nz_-pz_)<=tolerance;if.right_dir(z_c)
                                                  <=0:nz_.else:pz_.fi:=z_c; ...

zsolve->...))<=0:nz_.else:pz_.fi:=(SUFFIX3);endfor
                                                  .endgroup
down_dir->begingroup.zsolve.right_dir(z_c)
                                          ;lft(xpart(directionpoint.down.of(...
<forever> ...(nz_-pz_)<=tolerance;if.down_dir(z_b)
                                                  <=0:nz_.else:pz_.fi:=z_b; ...

zsolve->...))<=0:nz_.else:pz_.fi:=(SUFFIX3);endfor
                                                  .endgroup
put_ogonek->...),(1,y_right));zsolve.down_dir(z_b)
                                                  ;x_down':=xpart(lft(direct...
l.128  put_ogonek(the_pen)
                          ;
(That was another `errmessage'.)

! The direction doesn't occur.
<to be read again> 
                   ;
directionpoint->..."The direction doesn't occur");
                                                  fi.point.a_.of(EXPR3)endgroup
<to be read again> 
                   )
right_dir->...(z_a..controls.z_b.and(EXPR2)..z_d))
                                                  )-y_right.endgroup
<forever> ...nz_-pz_)<=tolerance;if.right_dir(z_c)
                                                  <=0:nz_.else:pz_.fi:=z_c; ...

zsolve->...))<=0:nz_.else:pz_.fi:=(SUFFIX3);endfor
                                                  .endgroup
down_dir->begingroup.zsolve.right_dir(z_c)
                                          ;lft(xpart(directionpoint.down.of(...
<forever> ...(nz_-pz_)<=tolerance;if.down_dir(z_b)
                                                  <=0:nz_.else:pz_.fi:=z_b; ...

zsolve->...))<=0:nz_.else:pz_.fi:=(SUFFIX3);endfor
                                                  .endgroup
put_ogonek->...),(1,y_right));zsolve.down_dir(z_b)
                                                  ;x_down':=xpart(lft(direct...
l.128  put_ogonek(the_pen)
                          ;
(That was another `errmessage'.)

! The direction doesn't occur.
<to be read again> 
                   ;
directionpoint->..."The direction doesn't occur");
                                                  fi.point.a_.of(EXPR3)endgroup
<to be read again> 
                   )
right_dir->...(z_a..controls.z_b.and(EXPR2)..z_d))
                                                  )-y_right.endgroup
<forever> ...nz_-pz_)<=tolerance;if.right_dir(z_c)
                                                  <=0:nz_.else:pz_.fi:=z_c; ...

zsolve->...))<=0:nz_.else:pz_.fi:=(SUFFIX3);endfor
                                                  .endgroup
down_dir->begingroup.zsolve.right_dir(z_c)
                                          ;lft(xpart(directionpoint.down.of(...
<forever> ...(nz_-pz_)<=tolerance;if.down_dir(z_b)
                                                  <=0:nz_.else:pz_.fi:=z_b; ...

zsolve->...))<=0:nz_.else:pz_.fi:=(SUFFIX3);endfor
                                                  .endgroup
put_ogonek->...),(1,y_right));zsolve.down_dir(z_b)
                                                  ;x_down':=xpart(lft(direct...
l.128  put_ogonek(the_pen)
                          ;
(That was another `errmessage'.)

! The direction doesn't occur.
<to be read again> 
                   ;
directionpoint->..."The direction doesn't occur");
                                                  fi.point.a_.of(EXPR3)endgroup
<to be read again> 
                   )
down_dir->...of(z_a..controls(EXPR2)and.z_c..z_d))
                                                  )-x_down.endgroup
<forever> ...(nz_-pz_)<=tolerance;if.down_dir(z_b)
                                                  <=0:nz_.else:pz_.fi:=z_b; ...

zsolve->...))<=0:nz_.else:pz_.fi:=(SUFFIX3);endfor
                                                  .endgroup
put_ogonek->...),(1,y_right));zsolve.down_dir(z_b)
                                                  ;x_down':=xpart(lft(direct...
l.128  put_ogonek(the_pen)
                          ;
(That was another `errmessage'.)

! The direction doesn't occur.
<to be read again> 
                   ;
directionpoint->..."The direction doesn't occur");
                                                  fi.point.a_.of(EXPR3)endgroup
<to be read again> 
                   )
put_ogonek->...of(z_a..controls.z_b.and.z_c..z_d))
                                                  );y_right':=ypart(bot(dire...
l.128  put_ogonek(the_pen)
                          ;
(That was another `errmessage'.)

! The direction doesn't occur.
<to be read again> 
                   ;
directionpoint->..."The direction doesn't occur");
                                                  fi.point.a_.of(EXPR3)endgroup
<to be read again> 
                   )
put_ogonek->...of(z_a..controls.z_b.and.z_c..z_d))
                                                  );if.abs(x_down'-x_down,y_...
l.128  put_ogonek(the_pen)
                          ;
(That was another `errmessage'.)

ERROR: `ogonek' iteration hasn't converged! Final values:
x_down=-10.01935 (should be -17)
y_right=0 (should be 5)
! Probably, you have to change somehow the boundary values.
<to be read again> 
                   ;
put_ogonek->...hange somehow the boundary values";
                                                  fi.z[ii]l=z_a;z[ii]'l=lo.z...
l.128  put_ogonek(the_pen)
                          ;
Maybe Jackowski knows how to change them...

[129] [130] [131] [132] [133]
! The direction doesn't occur.
<to be read again> 
                   ;
directionpoint->..."The direction doesn't occur");
                                                  fi.point.a_.of(EXPR3)endgroup
<to be read again> 
                   )
right_dir->...(z_a..controls.z_b.and(EXPR2)..z_d))
                                                  )-y_right.endgroup
<forever> ...nz_-pz_)<=tolerance;if.right_dir(z_c)
                                                  <=0:nz_.else:pz_.fi:=z_c; ...

zsolve->...))<=0:nz_.else:pz_.fi:=(SUFFIX3);endfor
                                                  .endgroup
down_dir->begingroup.zsolve.right_dir(z_c)
                                          ;lft(xpart(directionpoint.down.of(...
<forever> ...(nz_-pz_)<=tolerance;if.down_dir(z_b)
                                                  <=0:nz_.else:pz_.fi:=z_b; ...

zsolve->...))<=0:nz_.else:pz_.fi:=(SUFFIX3);endfor
                                                  .endgroup
put_ogonek->...),(1,y_right));zsolve.down_dir(z_b)
                                                  ;x_down':=xpart(lft(direct...
l.291  put_ogonek(the_pen)
                          ;
Maybe Jackowski knows how to change them...

! The direction doesn't occur.
<to be read again> 
                   ;
directionpoint->..."The direction doesn't occur");
                                                  fi.point.a_.of(EXPR3)endgroup
<to be read again> 
                   )
right_dir->...(z_a..controls.z_b.and(EXPR2)..z_d))
                                                  )-y_right.endgroup
<forever> ...nz_-pz_)<=tolerance;if.right_dir(z_c)
                                                  <=0:nz_.else:pz_.fi:=z_c; ...

zsolve->...))<=0:nz_.else:pz_.fi:=(SUFFIX3);endfor
                                                  .endgroup
down_dir->begingroup.zsolve.right_dir(z_c)
                                          ;lft(xpart(directionpoint.down.of(...
<forever> ...(nz_-pz_)<=tolerance;if.down_dir(z_b)
                                                  <=0:nz_.else:pz_.fi:=z_b; ...

zsolve->...))<=0:nz_.else:pz_.fi:=(SUFFIX3);endfor
                                                  .endgroup
put_ogonek->...),(1,y_right));zsolve.down_dir(z_b)
                                                  ;x_down':=xpart(lft(direct...
l.291  put_ogonek(the_pen)
                          ;
Maybe Jackowski knows how to change them...

! The direction doesn't occur.
<to be read again> 
                   ;
directionpoint->..."The direction doesn't occur");
                                                  fi.point.a_.of(EXPR3)endgroup
<to be read again> 
                   )
right_dir->...(z_a..controls.z_b.and(EXPR2)..z_d))
                                                  )-y_right.endgroup
<forever> ...nz_-pz_)<=tolerance;if.right_dir(z_c)
                                                  <=0:nz_.else:pz_.fi:=z_c; ...

zsolve->...))<=0:nz_.else:pz_.fi:=(SUFFIX3);endfor
                                                  .endgroup
down_dir->begingroup.zsolve.right_dir(z_c)
                                          ;lft(xpart(directionpoint.down.of(...
<forever> ...(nz_-pz_)<=tolerance;if.down_dir(z_b)
                                                  <=0:nz_.else:pz_.fi:=z_b; ...

zsolve->...))<=0:nz_.else:pz_.fi:=(SUFFIX3);endfor
                                                  .endgroup
put_ogonek->...),(1,y_right));zsolve.down_dir(z_b)
                                                  ;x_down':=xpart(lft(direct...
l.291  put_ogonek(the_pen)
                          ;
Maybe Jackowski knows how to change them...

! The direction doesn't occur.
<to be read again> 
                   ;
directionpoint->..."The direction doesn't occur");
                                                  fi.point.a_.of(EXPR3)endgroup
<to be read again> 
                   )
right_dir->...(z_a..controls.z_b.and(EXPR2)..z_d))
                                                  )-y_right.endgroup
<forever> ...nz_-pz_)<=tolerance;if.right_dir(z_c)
                                                  <=0:nz_.else:pz_.fi:=z_c; ...

zsolve->...))<=0:nz_.else:pz_.fi:=(SUFFIX3);endfor
                                                  .endgroup
down_dir->begingroup.zsolve.right_dir(z_c)
                                          ;lft(xpart(directionpoint.down.of(...
<forever> ...(nz_-pz_)<=tolerance;if.down_dir(z_b)
                                                  <=0:nz_.else:pz_.fi:=z_b; ...

zsolve->...))<=0:nz_.else:pz_.fi:=(SUFFIX3);endfor
                                                  .endgroup
put_ogonek->...),(1,y_right));zsolve.down_dir(z_b)
                                                  ;x_down':=xpart(lft(direct...
l.291  put_ogonek(the_pen)
                          ;
Maybe Jackowski knows how to change them...

! The direction doesn't occur.
<to be read again> 
                   ;
directionpoint->..."The direction doesn't occur");
                                                  fi.point.a_.of(EXPR3)endgroup
<to be read again> 
                   )
right_dir->...(z_a..controls.z_b.and(EXPR2)..z_d))
                                                  )-y_right.endgroup
<forever> ...nz_-pz_)<=tolerance;if.right_dir(z_c)
                                                  <=0:nz_.else:pz_.fi:=z_c; ...

zsolve->...))<=0:nz_.else:pz_.fi:=(SUFFIX3);endfor
                                                  .endgroup
down_dir->begingroup.zsolve.right_dir(z_c)
                                          ;lft(xpart(directionpoint.down.of(...
<forever> ...(nz_-pz_)<=tolerance;if.down_dir(z_b)
                                                  <=0:nz_.else:pz_.fi:=z_b; ...

zsolve->...))<=0:nz_.else:pz_.fi:=(SUFFIX3);endfor
                                                  .endgroup
put_ogonek->...),(1,y_right));zsolve.down_dir(z_b)
                                                  ;x_down':=xpart(lft(direct...
l.291  put_ogonek(the_pen)
                          ;
Maybe Jackowski knows how to change them...

! The direction doesn't occur.
<to be read again> 
                   ;
directionpoint->..."The direction doesn't occur");
                                                  fi.point.a_.of(EXPR3)endgroup
<to be read again> 
                   )
right_dir->...(z_a..controls.z_b.and(EXPR2)..z_d))
                                                  )-y_right.endgroup
<forever> ...nz_-pz_)<=tolerance;if.right_dir(z_c)
                                                  <=0:nz_.else:pz_.fi:=z_c; ...

zsolve->...))<=0:nz_.else:pz_.fi:=(SUFFIX3);endfor
                                                  .endgroup
down_dir->begingroup.zsolve.right_dir(z_c)
                                          ;lft(xpart(directionpoint.down.of(...
<forever> ...(nz_-pz_)<=tolerance;if.down_dir(z_b)
                                                  <=0:nz_.else:pz_.fi:=z_b; ...

zsolve->...))<=0:nz_.else:pz_.fi:=(SUFFIX3);endfor
                                                  .endgroup
put_ogonek->...),(1,y_right));zsolve.down_dir(z_b)
                                                  ;x_down':=xpart(lft(direct...
l.291  put_ogonek(the_pen)
                          ;
Maybe Jackowski knows how to change them...

! The direction doesn't occur.
<to be read again> 
                   ;
directionpoint->..."The direction doesn't occur");
                                                  fi.point.a_.of(EXPR3)endgroup
<to be read again> 
                   )
right_dir->...(z_a..controls.z_b.and(EXPR2)..z_d))
                                                  )-y_right.endgroup
<forever> ...nz_-pz_)<=tolerance;if.right_dir(z_c)
                                                  <=0:nz_.else:pz_.fi:=z_c; ...

zsolve->...))<=0:nz_.else:pz_.fi:=(SUFFIX3);endfor
                                                  .endgroup
down_dir->begingroup.zsolve.right_dir(z_c)
                                          ;lft(xpart(directionpoint.down.of(...
<forever> ...(nz_-pz_)<=tolerance;if.down_dir(z_b)
                                                  <=0:nz_.else:pz_.fi:=z_b; ...

zsolve->...))<=0:nz_.else:pz_.fi:=(SUFFIX3);endfor
                                                  .endgroup
put_ogonek->...),(1,y_right));zsolve.down_dir(z_b)
                                                  ;x_down':=xpart(lft(direct...
l.291  put_ogonek(the_pen)
                          ;
Maybe Jackowski knows how to change them...

! The direction doesn't occur.
<to be read again> 
                   ;
directionpoint->..."The direction doesn't occur");
                                                  fi.point.a_.of(EXPR3)endgroup
<to be read again> 
                   )
right_dir->...(z_a..controls.z_b.and(EXPR2)..z_d))
                                                  )-y_right.endgroup
<forever> ...nz_-pz_)<=tolerance;if.right_dir(z_c)
                                                  <=0:nz_.else:pz_.fi:=z_c; ...

zsolve->...))<=0:nz_.else:pz_.fi:=(SUFFIX3);endfor
                                                  .endgroup
down_dir->begingroup.zsolve.right_dir(z_c)
                                          ;lft(xpart(directionpoint.down.of(...
<forever> ...(nz_-pz_)<=tolerance;if.down_dir(z_b)
                                                  <=0:nz_.else:pz_.fi:=z_b; ...

zsolve->...))<=0:nz_.else:pz_.fi:=(SUFFIX3);endfor
                                                  .endgroup
put_ogonek->...),(1,y_right));zsolve.down_dir(z_b)
                                                  ;x_down':=xpart(lft(direct...
l.291  put_ogonek(the_pen)
                          ;
Maybe Jackowski knows how to change them...

! The direction doesn't occur.
<to be read again> 
                   ;
directionpoint->..."The direction doesn't occur");
                                                  fi.point.a_.of(EXPR3)endgroup
<to be read again> 
                   )
down_dir->...of(z_a..controls(EXPR2)and.z_c..z_d))
                                                  )-x_down.endgroup
<forever> ...(nz_-pz_)<=tolerance;if.down_dir(z_b)
                                                  <=0:nz_.else:pz_.fi:=z_b; ...

zsolve->...))<=0:nz_.else:pz_.fi:=(SUFFIX3);endfor
                                                  .endgroup
put_ogonek->...),(1,y_right));zsolve.down_dir(z_b)
                                                  ;x_down':=xpart(lft(direct...
l.291  put_ogonek(the_pen)
                          ;
Maybe Jackowski knows how to change them...

! The direction doesn't occur.
<to be read again> 
                   ;
directionpoint->..."The direction doesn't occur");
                                                  fi.point.a_.of(EXPR3)endgroup
<to be read again> 
                   )
right_dir->...(z_a..controls.z_b.and(EXPR2)..z_d))
                                                  )-y_right.endgroup
<forever> ...nz_-pz_)<=tolerance;if.right_dir(z_c)
                                                  <=0:nz_.else:pz_.fi:=z_c; ...

zsolve->...))<=0:nz_.else:pz_.fi:=(SUFFIX3);endfor
                                                  .endgroup
down_dir->begingroup.zsolve.right_dir(z_c)
                                          ;lft(xpart(directionpoint.down.of(...
<forever> ...(nz_-pz_)<=tolerance;if.down_dir(z_b)
                                                  <=0:nz_.else:pz_.fi:=z_b; ...

zsolve->...))<=0:nz_.else:pz_.fi:=(SUFFIX3);endfor
                                                  .endgroup
put_ogonek->...),(1,y_right));zsolve.down_dir(z_b)
                                                  ;x_down':=xpart(lft(direct...
l.291  put_ogonek(the_pen)
                          ;
Maybe Jackowski knows how to change them...

! The direction doesn't occur.
<to be read again> 
                   ;
directionpoint->..."The direction doesn't occur");
                                                  fi.point.a_.of(EXPR3)endgroup
<to be read again> 
                   )
right_dir->...(z_a..controls.z_b.and(EXPR2)..z_d))
                                                  )-y_right.endgroup
<forever> ...nz_-pz_)<=tolerance;if.right_dir(z_c)
                                                  <=0:nz_.else:pz_.fi:=z_c; ...

zsolve->...))<=0:nz_.else:pz_.fi:=(SUFFIX3);endfor
                                                  .endgroup
down_dir->begingroup.zsolve.right_dir(z_c)
                                          ;lft(xpart(directionpoint.down.of(...
<forever> ...(nz_-pz_)<=tolerance;if.down_dir(z_b)
                                                  <=0:nz_.else:pz_.fi:=z_b; ...

zsolve->...))<=0:nz_.else:pz_.fi:=(SUFFIX3);endfor
                                                  .endgroup
put_ogonek->...),(1,y_right));zsolve.down_dir(z_b)
                                                  ;x_down':=xpart(lft(direct...
l.291  put_ogonek(the_pen)
                          ;
Maybe Jackowski knows how to change them...

! The direction doesn't occur.
<to be read again> 
                   ;
directionpoint->..."The direction doesn't occur");
                                                  fi.point.a_.of(EXPR3)endgroup
<to be read again> 
                   )
right_dir->...(z_a..controls.z_b.and(EXPR2)..z_d))
                                                  )-y_right.endgroup
<forever> ...nz_-pz_)<=tolerance;if.right_dir(z_c)
                                                  <=0:nz_.else:pz_.fi:=z_c; ...

zsolve->...))<=0:nz_.else:pz_.fi:=(SUFFIX3);endfor
                                                  .endgroup
down_dir->begingroup.zsolve.right_dir(z_c)
                                          ;lft(xpart(directionpoint.down.of(...
<forever> ...(nz_-pz_)<=tolerance;if.down_dir(z_b)
                                                  <=0:nz_.else:pz_.fi:=z_b; ...

zsolve->...))<=0:nz_.else:pz_.fi:=(SUFFIX3);endfor
                                                  .endgroup
put_ogonek->...),(1,y_right));zsolve.down_dir(z_b)
                                                  ;x_down':=xpart(lft(direct...
l.291  put_ogonek(the_pen)
                          ;
Maybe Jackowski knows how to change them...

! The direction doesn't occur.
<to be read again> 
                   ;
directionpoint->..."The direction doesn't occur");
                                                  fi.point.a_.of(EXPR3)endgroup
<to be read again> 
                   )
right_dir->...(z_a..controls.z_b.and(EXPR2)..z_d))
                                                  )-y_right.endgroup
<forever> ...nz_-pz_)<=tolerance;if.right_dir(z_c)
                                                  <=0:nz_.else:pz_.fi:=z_c; ...

zsolve->...))<=0:nz_.else:pz_.fi:=(SUFFIX3);endfor
                                                  .endgroup
down_dir->begingroup.zsolve.right_dir(z_c)
                                          ;lft(xpart(directionpoint.down.of(...
<forever> ...(nz_-pz_)<=tolerance;if.down_dir(z_b)
                                                  <=0:nz_.else:pz_.fi:=z_b; ...

zsolve->...))<=0:nz_.else:pz_.fi:=(SUFFIX3);endfor
                                                  .endgroup
put_ogonek->...),(1,y_right));zsolve.down_dir(z_b)
                                                  ;x_down':=xpart(lft(direct...
l.291  put_ogonek(the_pen)
                          ;
Maybe Jackowski knows how to change them...

! The direction doesn't occur.
<to be read again> 
                   ;
directionpoint->..."The direction doesn't occur");
                                                  fi.point.a_.of(EXPR3)endgroup
<to be read again> 
                   )
right_dir->...(z_a..controls.z_b.and(EXPR2)..z_d))
                                                  )-y_right.endgroup
<forever> ...nz_-pz_)<=tolerance;if.right_dir(z_c)
                                                  <=0:nz_.else:pz_.fi:=z_c; ...

zsolve->...))<=0:nz_.else:pz_.fi:=(SUFFIX3);endfor
                                                  .endgroup
down_dir->begingroup.zsolve.right_dir(z_c)
                                          ;lft(xpart(directionpoint.down.of(...
<forever> ...(nz_-pz_)<=tolerance;if.down_dir(z_b)
                                                  <=0:nz_.else:pz_.fi:=z_b; ...

zsolve->...))<=0:nz_.else:pz_.fi:=(SUFFIX3);endfor
                                                  .endgroup
put_ogonek->...),(1,y_right));zsolve.down_dir(z_b)
                                                  ;x_down':=xpart(lft(direct...
l.291  put_ogonek(the_pen)
                          ;
Maybe Jackowski knows how to change them...

! The direction doesn't occur.
<to be read again> 
                   ;
directionpoint->..."The direction doesn't occur");
                                                  fi.point.a_.of(EXPR3)endgroup
<to be read again> 
                   )
right_dir->...(z_a..controls.z_b.and(EXPR2)..z_d))
                                                  )-y_right.endgroup
<forever> ...nz_-pz_)<=tolerance;if.right_dir(z_c)
                                                  <=0:nz_.else:pz_.fi:=z_c; ...

zsolve->...))<=0:nz_.else:pz_.fi:=(SUFFIX3);endfor
                                                  .endgroup
down_dir->begingroup.zsolve.right_dir(z_c)
                                          ;lft(xpart(directionpoint.down.of(...
<forever> ...(nz_-pz_)<=tolerance;if.down_dir(z_b)
                                                  <=0:nz_.else:pz_.fi:=z_b; ...

zsolve->...))<=0:nz_.else:pz_.fi:=(SUFFIX3);endfor
                                                  .endgroup
put_ogonek->...),(1,y_right));zsolve.down_dir(z_b)
                                                  ;x_down':=xpart(lft(direct...
l.291  put_ogonek(the_pen)
                          ;
Maybe Jackowski knows how to change them...

! The direction doesn't occur.
<to be read again> 
                   ;
directionpoint->..."The direction doesn't occur");
                                                  fi.point.a_.of(EXPR3)endgroup
<to be read again> 
                   )
right_dir->...(z_a..controls.z_b.and(EXPR2)..z_d))
                                                  )-y_right.endgroup
<forever> ...nz_-pz_)<=tolerance;if.right_dir(z_c)
                                                  <=0:nz_.else:pz_.fi:=z_c; ...

zsolve->...))<=0:nz_.else:pz_.fi:=(SUFFIX3);endfor
                                                  .endgroup
down_dir->begingroup.zsolve.right_dir(z_c)
                                          ;lft(xpart(directionpoint.down.of(...
<forever> ...(nz_-pz_)<=tolerance;if.down_dir(z_b)
                                                  <=0:nz_.else:pz_.fi:=z_b; ...

zsolve->...))<=0:nz_.else:pz_.fi:=(SUFFIX3);endfor
                                                  .endgroup
put_ogonek->...),(1,y_right));zsolve.down_dir(z_b)
                                                  ;x_down':=xpart(lft(direct...
l.291  put_ogonek(the_pen)
                          ;
Maybe Jackowski knows how to change them...

! The direction doesn't occur.
<to be read again> 
                   ;
directionpoint->..."The direction doesn't occur");
                                                  fi.point.a_.of(EXPR3)endgroup
<to be read again> 
                   )
right_dir->...(z_a..controls.z_b.and(EXPR2)..z_d))
                                                  )-y_right.endgroup
<forever> ...nz_-pz_)<=tolerance;if.right_dir(z_c)
                                                  <=0:nz_.else:pz_.fi:=z_c; ...

zsolve->...))<=0:nz_.else:pz_.fi:=(SUFFIX3);endfor
                                                  .endgroup
down_dir->begingroup.zsolve.right_dir(z_c)
                                          ;lft(xpart(directionpoint.down.of(...
<forever> ...(nz_-pz_)<=tolerance;if.down_dir(z_b)
                                                  <=0:nz_.else:pz_.fi:=z_b; ...

zsolve->...))<=0:nz_.else:pz_.fi:=(SUFFIX3);endfor
                                                  .endgroup
put_ogonek->...),(1,y_right));zsolve.down_dir(z_b)
                                                  ;x_down':=xpart(lft(direct...
l.291  put_ogonek(the_pen)
                          ;
Maybe Jackowski knows how to change them...

! The direction doesn't occur.
<to be read again> 
                   ;
directionpoint->..."The direction doesn't occur");
                                                  fi.point.a_.of(EXPR3)endgroup
<to be read again> 
                   )
down_dir->...of(z_a..controls(EXPR2)and.z_c..z_d))
                                                  )-x_down.endgroup
<forever> ...(nz_-pz_)<=tolerance;if.down_dir(z_b)
                                                  <=0:nz_.else:pz_.fi:=z_b; ...

zsolve->...))<=0:nz_.else:pz_.fi:=(SUFFIX3);endfor
                                                  .endgroup
put_ogonek->...),(1,y_right));zsolve.down_dir(z_b)
                                                  ;x_down':=xpart(lft(direct...
l.291  put_ogonek(the_pen)
                          ;
Maybe Jackowski knows how to change them...

! The direction doesn't occur.
<to be read again> 
                   ;
directionpoint->..."The direction doesn't occur");
                                                  fi.point.a_.of(EXPR3)endgroup
<to be read again> 
                   )
right_dir->...(z_a..controls.z_b.and(EXPR2)..z_d))
                                                  )-y_right.endgroup
<forever> ...nz_-pz_)<=tolerance;if.right_dir(z_c)
                                                  <=0:nz_.else:pz_.fi:=z_c; ...

zsolve->...))<=0:nz_.else:pz_.fi:=(SUFFIX3);endfor
                                                  .endgroup
down_dir->begingroup.zsolve.right_dir(z_c)
                                          ;lft(xpart(directionpoint.down.of(...
<forever> ...(nz_-pz_)<=tolerance;if.down_dir(z_b)
                                                  <=0:nz_.else:pz_.fi:=z_b; ...

zsolve->...))<=0:nz_.else:pz_.fi:=(SUFFIX3);endfor
                                                  .endgroup
put_ogonek->...),(1,y_right));zsolve.down_dir(z_b)
                                                  ;x_down':=xpart(lft(direct...
l.291  put_ogonek(the_pen)
                          ;
Maybe Jackowski knows how to change them...

! The direction doesn't occur.
<to be read again> 
                   ;
directionpoint->..."The direction doesn't occur");
                                                  fi.point.a_.of(EXPR3)endgroup
<to be read again> 
                   )
right_dir->...(z_a..controls.z_b.and(EXPR2)..z_d))
                                                  )-y_right.endgroup
<forever> ...nz_-pz_)<=tolerance;if.right_dir(z_c)
                                                  <=0:nz_.else:pz_.fi:=z_c; ...

zsolve->...))<=0:nz_.else:pz_.fi:=(SUFFIX3);endfor
                                                  .endgroup
down_dir->begingroup.zsolve.right_dir(z_c)
                                          ;lft(xpart(directionpoint.down.of(...
<forever> ...(nz_-pz_)<=tolerance;if.down_dir(z_b)
                                                  <=0:nz_.else:pz_.fi:=z_b; ...

zsolve->...))<=0:nz_.else:pz_.fi:=(SUFFIX3);endfor
                                                  .endgroup
put_ogonek->...),(1,y_right));zsolve.down_dir(z_b)
                                                  ;x_down':=xpart(lft(direct...
l.291  put_ogonek(the_pen)
                          ;
Maybe Jackowski knows how to change them...

! The direction doesn't occur.
<to be read again> 
                   ;
directionpoint->..."The direction doesn't occur");
                                                  fi.point.a_.of(EXPR3)endgroup
<to be read again> 
                   )
right_dir->...(z_a..controls.z_b.and(EXPR2)..z_d))
                                                  )-y_right.endgroup
<forever> ...nz_-pz_)<=tolerance;if.right_dir(z_c)
                                                  <=0:nz_.else:pz_.fi:=z_c; ...

zsolve->...))<=0:nz_.else:pz_.fi:=(SUFFIX3);endfor
                                                  .endgroup
down_dir->begingroup.zsolve.right_dir(z_c)
                                          ;lft(xpart(directionpoint.down.of(...
<forever> ...(nz_-pz_)<=tolerance;if.down_dir(z_b)
                                                  <=0:nz_.else:pz_.fi:=z_b; ...

zsolve->...))<=0:nz_.else:pz_.fi:=(SUFFIX3);endfor
                                                  .endgroup
put_ogonek->...),(1,y_right));zsolve.down_dir(z_b)
                                                  ;x_down':=xpart(lft(direct...
l.291  put_ogonek(the_pen)
                          ;
Maybe Jackowski knows how to change them...

! The direction doesn't occur.
<to be read again> 
                   ;
directionpoint->..."The direction doesn't occur");
                                                  fi.point.a_.of(EXPR3)endgroup
<to be read again> 
                   )
right_dir->...(z_a..controls.z_b.and(EXPR2)..z_d))
                                                  )-y_right.endgroup
<forever> ...nz_-pz_)<=tolerance;if.right_dir(z_c)
                                                  <=0:nz_.else:pz_.fi:=z_c; ...

zsolve->...))<=0:nz_.else:pz_.fi:=(SUFFIX3);endfor
                                                  .endgroup
down_dir->begingroup.zsolve.right_dir(z_c)
                                          ;lft(xpart(directionpoint.down.of(...
<forever> ...(nz_-pz_)<=tolerance;if.down_dir(z_b)
                                                  <=0:nz_.else:pz_.fi:=z_b; ...

zsolve->...))<=0:nz_.else:pz_.fi:=(SUFFIX3);endfor
                                                  .endgroup
put_ogonek->...),(1,y_right));zsolve.down_dir(z_b)
                                                  ;x_down':=xpart(lft(direct...
l.291  put_ogonek(the_pen)
                          ;
Maybe Jackowski knows how to change them...

! The direction doesn't occur.
<to be read again> 
                   ;
directionpoint->..."The direction doesn't occur");
                                                  fi.point.a_.of(EXPR3)endgroup
<to be read again> 
                   )
right_dir->...(z_a..controls.z_b.and(EXPR2)..z_d))
                                                  )-y_right.endgroup
<forever> ...nz_-pz_)<=tolerance;if.right_dir(z_c)
                                                  <=0:nz_.else:pz_.fi:=z_c; ...

zsolve->...))<=0:nz_.else:pz_.fi:=(SUFFIX3);endfor
                                                  .endgroup
down_dir->begingroup.zsolve.right_dir(z_c)
                                          ;lft(xpart(directionpoint.down.of(...
<forever> ...(nz_-pz_)<=tolerance;if.down_dir(z_b)
                                                  <=0:nz_.else:pz_.fi:=z_b; ...

zsolve->...))<=0:nz_.else:pz_.fi:=(SUFFIX3);endfor
                                                  .endgroup
put_ogonek->...),(1,y_right));zsolve.down_dir(z_b)
                                                  ;x_down':=xpart(lft(direct...
l.291  put_ogonek(the_pen)
                          ;
Maybe Jackowski knows how to change them...

! The direction doesn't occur.
<to be read again> 
                   ;
directionpoint->..."The direction doesn't occur");
                                                  fi.point.a_.of(EXPR3)endgroup
<to be read again> 
                   )
right_dir->...(z_a..controls.z_b.and(EXPR2)..z_d))
                                                  )-y_right.endgroup
<forever> ...nz_-pz_)<=tolerance;if.right_dir(z_c)
                                                  <=0:nz_.else:pz_.fi:=z_c; ...

zsolve->...))<=0:nz_.else:pz_.fi:=(SUFFIX3);endfor
                                                  .endgroup
down_dir->begingroup.zsolve.right_dir(z_c)
                                          ;lft(xpart(directionpoint.down.of(...
<forever> ...(nz_-pz_)<=tolerance;if.down_dir(z_b)
                                                  <=0:nz_.else:pz_.fi:=z_b; ...

zsolve->...))<=0:nz_.else:pz_.fi:=(SUFFIX3);endfor
                                                  .endgroup
put_ogonek->...),(1,y_right));zsolve.down_dir(z_b)
                                                  ;x_down':=xpart(lft(direct...
l.291  put_ogonek(the_pen)
                          ;
Maybe Jackowski knows how to change them...

! The direction doesn't occur.
<to be read again> 
                   ;
directionpoint->..."The direction doesn't occur");
                                                  fi.point.a_.of(EXPR3)endgroup
<to be read again> 
                   )
right_dir->...(z_a..controls.z_b.and(EXPR2)..z_d))
                                                  )-y_right.endgroup
<forever> ...nz_-pz_)<=tolerance;if.right_dir(z_c)
                                                  <=0:nz_.else:pz_.fi:=z_c; ...

zsolve->...))<=0:nz_.else:pz_.fi:=(SUFFIX3);endfor
                                                  .endgroup
down_dir->begingroup.zsolve.right_dir(z_c)
                                          ;lft(xpart(directionpoint.down.of(...
<forever> ...(nz_-pz_)<=tolerance;if.down_dir(z_b)
                                                  <=0:nz_.else:pz_.fi:=z_b; ...

zsolve->...))<=0:nz_.else:pz_.fi:=(SUFFIX3);endfor
                                                  .endgroup
put_ogonek->...),(1,y_right));zsolve.down_dir(z_b)
                                                  ;x_down':=xpart(lft(direct...
l.291  put_ogonek(the_pen)
                          ;
Maybe Jackowski knows how to change them...

! The direction doesn't occur.
<to be read again> 
                   ;
directionpoint->..."The direction doesn't occur");
                                                  fi.point.a_.of(EXPR3)endgroup
<to be read again> 
                   )
right_dir->...(z_a..controls.z_b.and(EXPR2)..z_d))
                                                  )-y_right.endgroup
<forever> ...nz_-pz_)<=tolerance;if.right_dir(z_c)
                                                  <=0:nz_.else:pz_.fi:=z_c; ...

zsolve->...))<=0:nz_.else:pz_.fi:=(SUFFIX3);endfor
                                                  .endgroup
down_dir->begingroup.zsolve.right_dir(z_c)
                                          ;lft(xpart(directionpoint.down.of(...
<forever> ...(nz_-pz_)<=tolerance;if.down_dir(z_b)
                                                  <=0:nz_.else:pz_.fi:=z_b; ...

zsolve->...))<=0:nz_.else:pz_.fi:=(SUFFIX3);endfor
                                                  .endgroup
put_ogonek->...),(1,y_right));zsolve.down_dir(z_b)
                                                  ;x_down':=xpart(lft(direct...
l.291  put_ogonek(the_pen)
                          ;
Maybe Jackowski knows how to change them...

! The direction doesn't occur.
<to be read again> 
                   ;
directionpoint->..."The direction doesn't occur");
                                                  fi.point.a_.of(EXPR3)endgroup
<to be read again> 
                   )
down_dir->...of(z_a..controls(EXPR2)and.z_c..z_d))
                                                  )-x_down.endgroup
<forever> ...(nz_-pz_)<=tolerance;if.down_dir(z_b)
                                                  <=0:nz_.else:pz_.fi:=z_b; ...

zsolve->...))<=0:nz_.else:pz_.fi:=(SUFFIX3);endfor
                                                  .endgroup
put_ogonek->...),(1,y_right));zsolve.down_dir(z_b)
                                                  ;x_down':=xpart(lft(direct...
l.291  put_ogonek(the_pen)
                          ;
Maybe Jackowski knows how to change them...

! The direction doesn't occur.
<to be read again> 
                   ;
directionpoint->..."The direction doesn't occur");
                                                  fi.point.a_.of(EXPR3)endgroup
<to be read again> 
                   )
right_dir->...(z_a..controls.z_b.and(EXPR2)..z_d))
                                                  )-y_right.endgroup
<forever> ...nz_-pz_)<=tolerance;if.right_dir(z_c)
                                                  <=0:nz_.else:pz_.fi:=z_c; ...

zsolve->...))<=0:nz_.else:pz_.fi:=(SUFFIX3);endfor
                                                  .endgroup
down_dir->begingroup.zsolve.right_dir(z_c)
                                          ;lft(xpart(directionpoint.down.of(...
<forever> ...(nz_-pz_)<=tolerance;if.down_dir(z_b)
                                                  <=0:nz_.else:pz_.fi:=z_b; ...

zsolve->...))<=0:nz_.else:pz_.fi:=(SUFFIX3);endfor
                                                  .endgroup
put_ogonek->...),(1,y_right));zsolve.down_dir(z_b)
                                                  ;x_down':=xpart(lft(direct...
l.291  put_ogonek(the_pen)
                          ;
Maybe Jackowski knows how to change them...

! The direction doesn't occur.
<to be read again> 
                   ;
directionpoint->..."The direction doesn't occur");
                                                  fi.point.a_.of(EXPR3)endgroup
<to be read again> 
                   )
right_dir->...(z_a..controls.z_b.and(EXPR2)..z_d))
                                                  )-y_right.endgroup
<forever> ...nz_-pz_)<=tolerance;if.right_dir(z_c)
                                                  <=0:nz_.else:pz_.fi:=z_c; ...

zsolve->...))<=0:nz_.else:pz_.fi:=(SUFFIX3);endfor
                                                  .endgroup
down_dir->begingroup.zsolve.right_dir(z_c)
                                          ;lft(xpart(directionpoint.down.of(...
<forever> ...(nz_-pz_)<=tolerance;if.down_dir(z_b)
                                                  <=0:nz_.else:pz_.fi:=z_b; ...

zsolve->...))<=0:nz_.else:pz_.fi:=(SUFFIX3);endfor
                                                  .endgroup
put_ogonek->...),(1,y_right));zsolve.down_dir(z_b)
                                                  ;x_down':=xpart(lft(direct...
l.291  put_ogonek(the_pen)
                          ;
Maybe Jackowski knows how to change them...

! The direction doesn't occur.
<to be read again> 
                   ;
directionpoint->..."The direction doesn't occur");
                                                  fi.point.a_.of(EXPR3)endgroup
<to be read again> 
                   )
right_dir->...(z_a..controls.z_b.and(EXPR2)..z_d))
                                                  )-y_right.endgroup
<forever> ...nz_-pz_)<=tolerance;if.right_dir(z_c)
                                                  <=0:nz_.else:pz_.fi:=z_c; ...

zsolve->...))<=0:nz_.else:pz_.fi:=(SUFFIX3);endfor
                                                  .endgroup
down_dir->begingroup.zsolve.right_dir(z_c)
                                          ;lft(xpart(directionpoint.down.of(...
<forever> ...(nz_-pz_)<=tolerance;if.down_dir(z_b)
                                                  <=0:nz_.else:pz_.fi:=z_b; ...

zsolve->...))<=0:nz_.else:pz_.fi:=(SUFFIX3);endfor
                                                  .endgroup
put_ogonek->...),(1,y_right));zsolve.down_dir(z_b)
                                                  ;x_down':=xpart(lft(direct...
l.291  put_ogonek(the_pen)
                          ;
Maybe Jackowski knows how to change them...

! The direction doesn't occur.
<to be read again> 
                   ;
directionpoint->..."The direction doesn't occur");
                                                  fi.point.a_.of(EXPR3)endgroup
<to be read again> 
                   )
right_dir->...(z_a..controls.z_b.and(EXPR2)..z_d))
                                                  )-y_right.endgroup
<forever> ...nz_-pz_)<=tolerance;if.right_dir(z_c)
                                                  <=0:nz_.else:pz_.fi:=z_c; ...

zsolve->...))<=0:nz_.else:pz_.fi:=(SUFFIX3);endfor
                                                  .endgroup
down_dir->begingroup.zsolve.right_dir(z_c)
                                          ;lft(xpart(directionpoint.down.of(...
<forever> ...(nz_-pz_)<=tolerance;if.down_dir(z_b)
                                                  <=0:nz_.else:pz_.fi:=z_b; ...

zsolve->...))<=0:nz_.else:pz_.fi:=(SUFFIX3);endfor
                                                  .endgroup
put_ogonek->...),(1,y_right));zsolve.down_dir(z_b)
                                                  ;x_down':=xpart(lft(direct...
l.291  put_ogonek(the_pen)
                          ;
Maybe Jackowski knows how to change them...

! The direction doesn't occur.
<to be read again> 
                   ;
directionpoint->..."The direction doesn't occur");
                                                  fi.point.a_.of(EXPR3)endgroup
<to be read again> 
                   )
right_dir->...(z_a..controls.z_b.and(EXPR2)..z_d))
                                                  )-y_right.endgroup
<forever> ...nz_-pz_)<=tolerance;if.right_dir(z_c)
                                                  <=0:nz_.else:pz_.fi:=z_c; ...

zsolve->...))<=0:nz_.else:pz_.fi:=(SUFFIX3);endfor
                                                  .endgroup
down_dir->begingroup.zsolve.right_dir(z_c)
                                          ;lft(xpart(directionpoint.down.of(...
<forever> ...(nz_-pz_)<=tolerance;if.down_dir(z_b)
                                                  <=0:nz_.else:pz_.fi:=z_b; ...

zsolve->...))<=0:nz_.else:pz_.fi:=(SUFFIX3);endfor
                                                  .endgroup
put_ogonek->...),(1,y_right));zsolve.down_dir(z_b)
                                                  ;x_down':=xpart(lft(direct...
l.291  put_ogonek(the_pen)
                          ;
Maybe Jackowski knows how to change them...

! The direction doesn't occur.
<to be read again> 
                   ;
directionpoint->..."The direction doesn't occur");
                                                  fi.point.a_.of(EXPR3)endgroup
<to be read again> 
                   )
right_dir->...(z_a..controls.z_b.and(EXPR2)..z_d))
                                                  )-y_right.endgroup
<forever> ...nz_-pz_)<=tolerance;if.right_dir(z_c)
                                                  <=0:nz_.else:pz_.fi:=z_c; ...

zsolve->...))<=0:nz_.else:pz_.fi:=(SUFFIX3);endfor
                                                  .endgroup
down_dir->begingroup.zsolve.right_dir(z_c)
                                          ;lft(xpart(directionpoint.down.of(...
<forever> ...(nz_-pz_)<=tolerance;if.down_dir(z_b)
                                                  <=0:nz_.else:pz_.fi:=z_b; ...

zsolve->...))<=0:nz_.else:pz_.fi:=(SUFFIX3);endfor
                                                  .endgroup
put_ogonek->...),(1,y_right));zsolve.down_dir(z_b)
                                                  ;x_down':=xpart(lft(direct...
l.291  put_ogonek(the_pen)
                          ;
Maybe Jackowski knows how to change them...

! The direction doesn't occur.
<to be read again> 
                   ;
directionpoint->..."The direction doesn't occur");
                                                  fi.point.a_.of(EXPR3)endgroup
<to be read again> 
                   )
right_dir->...(z_a..controls.z_b.and(EXPR2)..z_d))
                                                  )-y_right.endgroup
<forever> ...nz_-pz_)<=tolerance;if.right_dir(z_c)
                                                  <=0:nz_.else:pz_.fi:=z_c; ...

zsolve->...))<=0:nz_.else:pz_.fi:=(SUFFIX3);endfor
                                                  .endgroup
down_dir->begingroup.zsolve.right_dir(z_c)
                                          ;lft(xpart(directionpoint.down.of(...
<forever> ...(nz_-pz_)<=tolerance;if.down_dir(z_b)
                                                  <=0:nz_.else:pz_.fi:=z_b; ...

zsolve->...))<=0:nz_.else:pz_.fi:=(SUFFIX3);endfor
                                                  .endgroup
put_ogonek->...),(1,y_right));zsolve.down_dir(z_b)
                                                  ;x_down':=xpart(lft(direct...
l.291  put_ogonek(the_pen)
                          ;
Maybe Jackowski knows how to change them...

! The direction doesn't occur.
<to be read again> 
                   ;
directionpoint->..."The direction doesn't occur");
                                                  fi.point.a_.of(EXPR3)endgroup
<to be read again> 
                   )
right_dir->...(z_a..controls.z_b.and(EXPR2)..z_d))
                                                  )-y_right.endgroup
<forever> ...nz_-pz_)<=tolerance;if.right_dir(z_c)
                                                  <=0:nz_.else:pz_.fi:=z_c; ...

zsolve->...))<=0:nz_.else:pz_.fi:=(SUFFIX3);endfor
                                                  .endgroup
down_dir->begingroup.zsolve.right_dir(z_c)
                                          ;lft(xpart(directionpoint.down.of(...
<forever> ...(nz_-pz_)<=tolerance;if.down_dir(z_b)
                                                  <=0:nz_.else:pz_.fi:=z_b; ...

zsolve->...))<=0:nz_.else:pz_.fi:=(SUFFIX3);endfor
                                                  .endgroup
put_ogonek->...),(1,y_right));zsolve.down_dir(z_b)
                                                  ;x_down':=xpart(lft(direct...
l.291  put_ogonek(the_pen)
                          ;
Maybe Jackowski knows how to change them...

! The direction doesn't occur.
<to be read again> 
                   ;
directionpoint->..."The direction doesn't occur");
                                                  fi.point.a_.of(EXPR3)endgroup
<to be read again> 
                   )
down_dir->...of(z_a..controls(EXPR2)and.z_c..z_d))
                                                  )-x_down.endgroup
<forever> ...(nz_-pz_)<=tolerance;if.down_dir(z_b)
                                                  <=0:nz_.else:pz_.fi:=z_b; ...

zsolve->...))<=0:nz_.else:pz_.fi:=(SUFFIX3);endfor
                                                  .endgroup
put_ogonek->...),(1,y_right));zsolve.down_dir(z_b)
                                                  ;x_down':=xpart(lft(direct...
l.291  put_ogonek(the_pen)
                          ;
Maybe Jackowski knows how to change them...

! The direction doesn't occur.
<to be read again> 
                   ;
directionpoint->..."The direction doesn't occur");
                                                  fi.point.a_.of(EXPR3)endgroup
<to be read again> 
                   )
right_dir->...(z_a..controls.z_b.and(EXPR2)..z_d))
                                                  )-y_right.endgroup
<forever> ...nz_-pz_)<=tolerance;if.right_dir(z_c)
                                                  <=0:nz_.else:pz_.fi:=z_c; ...

zsolve->...))<=0:nz_.else:pz_.fi:=(SUFFIX3);endfor
                                                  .endgroup
down_dir->begingroup.zsolve.right_dir(z_c)
                                          ;lft(xpart(directionpoint.down.of(...
<forever> ...(nz_-pz_)<=tolerance;if.down_dir(z_b)
                                                  <=0:nz_.else:pz_.fi:=z_b; ...

zsolve->...))<=0:nz_.else:pz_.fi:=(SUFFIX3);endfor
                                                  .endgroup
put_ogonek->...),(1,y_right));zsolve.down_dir(z_b)
                                                  ;x_down':=xpart(lft(direct...
l.291  put_ogonek(the_pen)
                          ;
Maybe Jackowski knows how to change them...

! The direction doesn't occur.
<to be read again> 
                   ;
directionpoint->..."The direction doesn't occur");
                                                  fi.point.a_.of(EXPR3)endgroup
<to be read again> 
                   )
right_dir->...(z_a..controls.z_b.and(EXPR2)..z_d))
                                                  )-y_right.endgroup
<forever> ...nz_-pz_)<=tolerance;if.right_dir(z_c)
                                                  <=0:nz_.else:pz_.fi:=z_c; ...

zsolve->...))<=0:nz_.else:pz_.fi:=(SUFFIX3);endfor
                                                  .endgroup
down_dir->begingroup.zsolve.right_dir(z_c)
                                          ;lft(xpart(directionpoint.down.of(...
<forever> ...(nz_-pz_)<=tolerance;if.down_dir(z_b)
                                                  <=0:nz_.else:pz_.fi:=z_b; ...

zsolve->...))<=0:nz_.else:pz_.fi:=(SUFFIX3);endfor
                                                  .endgroup
put_ogonek->...),(1,y_right));zsolve.down_dir(z_b)
                                                  ;x_down':=xpart(lft(direct...
l.291  put_ogonek(the_pen)
                          ;
Maybe Jackowski knows how to change them...

! The direction doesn't occur.
<to be read again> 
                   ;
directionpoint->..."The direction doesn't occur");
                                                  fi.point.a_.of(EXPR3)endgroup
<to be read again> 
                   )
right_dir->...(z_a..controls.z_b.and(EXPR2)..z_d))
                                                  )-y_right.endgroup
<forever> ...nz_-pz_)<=tolerance;if.right_dir(z_c)
                                                  <=0:nz_.else:pz_.fi:=z_c; ...

zsolve->...))<=0:nz_.else:pz_.fi:=(SUFFIX3);endfor
                                                  .endgroup
down_dir->begingroup.zsolve.right_dir(z_c)
                                          ;lft(xpart(directionpoint.down.of(...
<forever> ...(nz_-pz_)<=tolerance;if.down_dir(z_b)
                                                  <=0:nz_.else:pz_.fi:=z_b; ...

zsolve->...))<=0:nz_.else:pz_.fi:=(SUFFIX3);endfor
                                                  .endgroup
put_ogonek->...),(1,y_right));zsolve.down_dir(z_b)
                                                  ;x_down':=xpart(lft(direct...
l.291  put_ogonek(the_pen)
                          ;
Maybe Jackowski knows how to change them...

! The direction doesn't occur.
<to be read again> 
                   ;
directionpoint->..."The direction doesn't occur");
                                                  fi.point.a_.of(EXPR3)endgroup
<to be read again> 
                   )
right_dir->...(z_a..controls.z_b.and(EXPR2)..z_d))
                                                  )-y_right.endgroup
<forever> ...nz_-pz_)<=tolerance;if.right_dir(z_c)
                                                  <=0:nz_.else:pz_.fi:=z_c; ...

zsolve->...))<=0:nz_.else:pz_.fi:=(SUFFIX3);endfor
                                                  .endgroup
down_dir->begingroup.zsolve.right_dir(z_c)
                                          ;lft(xpart(directionpoint.down.of(...
<forever> ...(nz_-pz_)<=tolerance;if.down_dir(z_b)
                                                  <=0:nz_.else:pz_.fi:=z_b; ...

zsolve->...))<=0:nz_.else:pz_.fi:=(SUFFIX3);endfor
                                                  .endgroup
put_ogonek->...),(1,y_right));zsolve.down_dir(z_b)
                                                  ;x_down':=xpart(lft(direct...
l.291  put_ogonek(the_pen)
                          ;
Maybe Jackowski knows how to change them...

! The direction doesn't occur.
<to be read again> 
                   ;
directionpoint->..."The direction doesn't occur");
                                                  fi.point.a_.of(EXPR3)endgroup
<to be read again> 
                   )
right_dir->...(z_a..controls.z_b.and(EXPR2)..z_d))
                                                  )-y_right.endgroup
<forever> ...nz_-pz_)<=tolerance;if.right_dir(z_c)
                                                  <=0:nz_.else:pz_.fi:=z_c; ...

zsolve->...))<=0:nz_.else:pz_.fi:=(SUFFIX3);endfor
                                                  .endgroup
down_dir->begingroup.zsolve.right_dir(z_c)
                                          ;lft(xpart(directionpoint.down.of(...
<forever> ...(nz_-pz_)<=tolerance;if.down_dir(z_b)
                                                  <=0:nz_.else:pz_.fi:=z_b; ...

zsolve->...))<=0:nz_.else:pz_.fi:=(SUFFIX3);endfor
                                                  .endgroup
put_ogonek->...),(1,y_right));zsolve.down_dir(z_b)
                                                  ;x_down':=xpart(lft(direct...
l.291  put_ogonek(the_pen)
                          ;
Maybe Jackowski knows how to change them...

! The direction doesn't occur.
<to be read again> 
                   ;
directionpoint->..."The direction doesn't occur");
                                                  fi.point.a_.of(EXPR3)endgroup
<to be read again> 
                   )
right_dir->...(z_a..controls.z_b.and(EXPR2)..z_d))
                                                  )-y_right.endgroup
<forever> ...nz_-pz_)<=tolerance;if.right_dir(z_c)
                                                  <=0:nz_.else:pz_.fi:=z_c; ...

zsolve->...))<=0:nz_.else:pz_.fi:=(SUFFIX3);endfor
                                                  .endgroup
down_dir->begingroup.zsolve.right_dir(z_c)
                                          ;lft(xpart(directionpoint.down.of(...
<forever> ...(nz_-pz_)<=tolerance;if.down_dir(z_b)
                                                  <=0:nz_.else:pz_.fi:=z_b; ...

zsolve->...))<=0:nz_.else:pz_.fi:=(SUFFIX3);endfor
                                                  .endgroup
put_ogonek->...),(1,y_right));zsolve.down_dir(z_b)
                                                  ;x_down':=xpart(lft(direct...
l.291  put_ogonek(the_pen)
                          ;
Maybe Jackowski knows how to change them...

! The direction doesn't occur.
<to be read again> 
                   ;
directionpoint->..."The direction doesn't occur");
                                                  fi.point.a_.of(EXPR3)endgroup
<to be read again> 
                   )
right_dir->...(z_a..controls.z_b.and(EXPR2)..z_d))
                                                  )-y_right.endgroup
<forever> ...nz_-pz_)<=tolerance;if.right_dir(z_c)
                                                  <=0:nz_.else:pz_.fi:=z_c; ...

zsolve->...))<=0:nz_.else:pz_.fi:=(SUFFIX3);endfor
                                                  .endgroup
down_dir->begingroup.zsolve.right_dir(z_c)
                                          ;lft(xpart(directionpoint.down.of(...
<forever> ...(nz_-pz_)<=tolerance;if.down_dir(z_b)
                                                  <=0:nz_.else:pz_.fi:=z_b; ...

zsolve->...))<=0:nz_.else:pz_.fi:=(SUFFIX3);endfor
                                                  .endgroup
put_ogonek->...),(1,y_right));zsolve.down_dir(z_b)
                                                  ;x_down':=xpart(lft(direct...
l.291  put_ogonek(the_pen)
                          ;
Maybe Jackowski knows how to change them...

! The direction doesn't occur.
<to be read again> 
                   ;
directionpoint->..."The direction doesn't occur");
                                                  fi.point.a_.of(EXPR3)endgroup
<to be read again> 
                   )
right_dir->...(z_a..controls.z_b.and(EXPR2)..z_d))
                                                  )-y_right.endgroup
<forever> ...nz_-pz_)<=tolerance;if.right_dir(z_c)
                                                  <=0:nz_.else:pz_.fi:=z_c; ...

zsolve->...))<=0:nz_.else:pz_.fi:=(SUFFIX3);endfor
                                                  .endgroup
down_dir->begingroup.zsolve.right_dir(z_c)
                                          ;lft(xpart(directionpoint.down.of(...
<forever> ...(nz_-pz_)<=tolerance;if.down_dir(z_b)
                                                  <=0:nz_.else:pz_.fi:=z_b; ...

zsolve->...))<=0:nz_.else:pz_.fi:=(SUFFIX3);endfor
                                                  .endgroup
put_ogonek->...),(1,y_right));zsolve.down_dir(z_b)
                                                  ;x_down':=xpart(lft(direct...
l.291  put_ogonek(the_pen)
                          ;
Maybe Jackowski knows how to change them...

! The direction doesn't occur.
<to be read again> 
                   ;
directionpoint->..."The direction doesn't occur");
                                                  fi.point.a_.of(EXPR3)endgroup
<to be read again> 
                   )
down_dir->...of(z_a..controls(EXPR2)and.z_c..z_d))
                                                  )-x_down.endgroup
<forever> ...(nz_-pz_)<=tolerance;if.down_dir(z_b)
                                                  <=0:nz_.else:pz_.fi:=z_b; ...

zsolve->...))<=0:nz_.else:pz_.fi:=(SUFFIX3);endfor
                                                  .endgroup
put_ogonek->...),(1,y_right));zsolve.down_dir(z_b)
                                                  ;x_down':=xpart(lft(direct...
l.291  put_ogonek(the_pen)
                          ;
Maybe Jackowski knows how to change them...

! The direction doesn't occur.
<to be read again> 
                   ;
directionpoint->..."The direction doesn't occur");
                                                  fi.point.a_.of(EXPR3)endgroup
<to be read again> 
                   )
right_dir->...(z_a..controls.z_b.and(EXPR2)..z_d))
                                                  )-y_right.endgroup
<forever> ...nz_-pz_)<=tolerance;if.right_dir(z_c)
                                                  <=0:nz_.else:pz_.fi:=z_c; ...

zsolve->...))<=0:nz_.else:pz_.fi:=(SUFFIX3);endfor
                                                  .endgroup
down_dir->begingroup.zsolve.right_dir(z_c)
                                          ;lft(xpart(directionpoint.down.of(...
<forever> ...(nz_-pz_)<=tolerance;if.down_dir(z_b)
                                                  <=0:nz_.else:pz_.fi:=z_b; ...

zsolve->...))<=0:nz_.else:pz_.fi:=(SUFFIX3);endfor
                                                  .endgroup
put_ogonek->...),(1,y_right));zsolve.down_dir(z_b)
                                                  ;x_down':=xpart(lft(direct...
l.291  put_ogonek(the_pen)
                          ;
Maybe Jackowski knows how to change them...

! The direction doesn't occur.
<to be read again> 
                   ;
directionpoint->..."The direction doesn't occur");
                                                  fi.point.a_.of(EXPR3)endgroup
<to be read again> 
                   )
right_dir->...(z_a..controls.z_b.and(EXPR2)..z_d))
                                                  )-y_right.endgroup
<forever> ...nz_-pz_)<=tolerance;if.right_dir(z_c)
                                                  <=0:nz_.else:pz_.fi:=z_c; ...

zsolve->...))<=0:nz_.else:pz_.fi:=(SUFFIX3);endfor
                                                  .endgroup
down_dir->begingroup.zsolve.right_dir(z_c)
                                          ;lft(xpart(directionpoint.down.of(...
<forever> ...(nz_-pz_)<=tolerance;if.down_dir(z_b)
                                                  <=0:nz_.else:pz_.fi:=z_b; ...

zsolve->...))<=0:nz_.else:pz_.fi:=(SUFFIX3);endfor
                                                  .endgroup
put_ogonek->...),(1,y_right));zsolve.down_dir(z_b)
                                                  ;x_down':=xpart(lft(direct...
l.291  put_ogonek(the_pen)
                          ;
Maybe Jackowski knows how to change them...

! The direction doesn't occur.
<to be read again> 
                   ;
directionpoint->..."The direction doesn't occur");
                                                  fi.point.a_.of(EXPR3)endgroup
<to be read again> 
                   )
right_dir->...(z_a..controls.z_b.and(EXPR2)..z_d))
                                                  )-y_right.endgroup
<forever> ...nz_-pz_)<=tolerance;if.right_dir(z_c)
                                                  <=0:nz_.else:pz_.fi:=z_c; ...

zsolve->...))<=0:nz_.else:pz_.fi:=(SUFFIX3);endfor
                                                  .endgroup
down_dir->begingroup.zsolve.right_dir(z_c)
                                          ;lft(xpart(directionpoint.down.of(...
<forever> ...(nz_-pz_)<=tolerance;if.down_dir(z_b)
                                                  <=0:nz_.else:pz_.fi:=z_b; ...

zsolve->...))<=0:nz_.else:pz_.fi:=(SUFFIX3);endfor
                                                  .endgroup
put_ogonek->...),(1,y_right));zsolve.down_dir(z_b)
                                                  ;x_down':=xpart(lft(direct...
l.291  put_ogonek(the_pen)
                          ;
Maybe Jackowski knows how to change them...

! The direction doesn't occur.
<to be read again> 
                   ;
directionpoint->..."The direction doesn't occur");
                                                  fi.point.a_.of(EXPR3)endgroup
<to be read again> 
                   )
right_dir->...(z_a..controls.z_b.and(EXPR2)..z_d))
                                                  )-y_right.endgroup
<forever> ...nz_-pz_)<=tolerance;if.right_dir(z_c)
                                                  <=0:nz_.else:pz_.fi:=z_c; ...

zsolve->...))<=0:nz_.else:pz_.fi:=(SUFFIX3);endfor
                                                  .endgroup
down_dir->begingroup.zsolve.right_dir(z_c)
                                          ;lft(xpart(directionpoint.down.of(...
<forever> ...(nz_-pz_)<=tolerance;if.down_dir(z_b)
                                                  <=0:nz_.else:pz_.fi:=z_b; ...

zsolve->...))<=0:nz_.else:pz_.fi:=(SUFFIX3);endfor
                                                  .endgroup
put_ogonek->...),(1,y_right));zsolve.down_dir(z_b)
                                                  ;x_down':=xpart(lft(direct...
l.291  put_ogonek(the_pen)
                          ;
Maybe Jackowski knows how to change them...

! The direction doesn't occur.
<to be read again> 
                   ;
directionpoint->..."The direction doesn't occur");
                                                  fi.point.a_.of(EXPR3)endgroup
<to be read again> 
                   )
right_dir->...(z_a..controls.z_b.and(EXPR2)..z_d))
                                                  )-y_right.endgroup
<forever> ...nz_-pz_)<=tolerance;if.right_dir(z_c)
                                                  <=0:nz_.else:pz_.fi:=z_c; ...

zsolve->...))<=0:nz_.else:pz_.fi:=(SUFFIX3);endfor
                                                  .endgroup
down_dir->begingroup.zsolve.right_dir(z_c)
                                          ;lft(xpart(directionpoint.down.of(...
<forever> ...(nz_-pz_)<=tolerance;if.down_dir(z_b)
                                                  <=0:nz_.else:pz_.fi:=z_b; ...

zsolve->...))<=0:nz_.else:pz_.fi:=(SUFFIX3);endfor
                                                  .endgroup
put_ogonek->...),(1,y_right));zsolve.down_dir(z_b)
                                                  ;x_down':=xpart(lft(direct...
l.291  put_ogonek(the_pen)
                          ;
Maybe Jackowski knows how to change them...

! The direction doesn't occur.
<to be read again> 
                   ;
directionpoint->..."The direction doesn't occur");
                                                  fi.point.a_.of(EXPR3)endgroup
<to be read again> 
                   )
right_dir->...(z_a..controls.z_b.and(EXPR2)..z_d))
                                                  )-y_right.endgroup
<forever> ...nz_-pz_)<=tolerance;if.right_dir(z_c)
                                                  <=0:nz_.else:pz_.fi:=z_c; ...

zsolve->...))<=0:nz_.else:pz_.fi:=(SUFFIX3);endfor
                                                  .endgroup
down_dir->begingroup.zsolve.right_dir(z_c)
                                          ;lft(xpart(directionpoint.down.of(...
<forever> ...(nz_-pz_)<=tolerance;if.down_dir(z_b)
                                                  <=0:nz_.else:pz_.fi:=z_b; ...

zsolve->...))<=0:nz_.else:pz_.fi:=(SUFFIX3);endfor
                                                  .endgroup
put_ogonek->...),(1,y_right));zsolve.down_dir(z_b)
                                                  ;x_down':=xpart(lft(direct...
l.291  put_ogonek(the_pen)
                          ;
Maybe Jackowski knows how to change them...

! The direction doesn't occur.
<to be read again> 
                   ;
directionpoint->..."The direction doesn't occur");
                                                  fi.point.a_.of(EXPR3)endgroup
<to be read again> 
                   )
right_dir->...(z_a..controls.z_b.and(EXPR2)..z_d))
                                                  )-y_right.endgroup
<forever> ...nz_-pz_)<=tolerance;if.right_dir(z_c)
                                                  <=0:nz_.else:pz_.fi:=z_c; ...

zsolve->...))<=0:nz_.else:pz_.fi:=(SUFFIX3);endfor
                                                  .endgroup
down_dir->begingroup.zsolve.right_dir(z_c)
                                          ;lft(xpart(directionpoint.down.of(...
<forever> ...(nz_-pz_)<=tolerance;if.down_dir(z_b)
                                                  <=0:nz_.else:pz_.fi:=z_b; ...

zsolve->...))<=0:nz_.else:pz_.fi:=(SUFFIX3);endfor
                                                  .endgroup
put_ogonek->...),(1,y_right));zsolve.down_dir(z_b)
                                                  ;x_down':=xpart(lft(direct...
l.291  put_ogonek(the_pen)
                          ;
Maybe Jackowski knows how to change them...

! The direction doesn't occur.
<to be read again> 
                   ;
directionpoint->..."The direction doesn't occur");
                                                  fi.point.a_.of(EXPR3)endgroup
<to be read again> 
                   )
right_dir->...(z_a..controls.z_b.and(EXPR2)..z_d))
                                                  )-y_right.endgroup
<forever> ...nz_-pz_)<=tolerance;if.right_dir(z_c)
                                                  <=0:nz_.else:pz_.fi:=z_c; ...

zsolve->...))<=0:nz_.else:pz_.fi:=(SUFFIX3);endfor
                                                  .endgroup
down_dir->begingroup.zsolve.right_dir(z_c)
                                          ;lft(xpart(directionpoint.down.of(...
<forever> ...(nz_-pz_)<=tolerance;if.down_dir(z_b)
                                                  <=0:nz_.else:pz_.fi:=z_b; ...

zsolve->...))<=0:nz_.else:pz_.fi:=(SUFFIX3);endfor
                                                  .endgroup
put_ogonek->...),(1,y_right));zsolve.down_dir(z_b)
                                                  ;x_down':=xpart(lft(direct...
l.291  put_ogonek(the_pen)
                          ;
Maybe Jackowski knows how to change them...

! The direction doesn't occur.
<to be read again> 
                   ;
directionpoint->..."The direction doesn't occur");
                                                  fi.point.a_.of(EXPR3)endgroup
<to be read again> 
                   )
down_dir->...of(z_a..controls(EXPR2)and.z_c..z_d))
                                                  )-x_down.endgroup
<forever> ...(nz_-pz_)<=tolerance;if.down_dir(z_b)
                                                  <=0:nz_.else:pz_.fi:=z_b; ...

zsolve->...))<=0:nz_.else:pz_.fi:=(SUFFIX3);endfor
                                                  .endgroup
put_ogonek->...),(1,y_right));zsolve.down_dir(z_b)
                                                  ;x_down':=xpart(lft(direct...
l.291  put_ogonek(the_pen)
                          ;
Maybe Jackowski knows how to change them...

! The direction doesn't occur.
<to be read again> 
                   ;
directionpoint->..."The direction doesn't occur");
                                                  fi.point.a_.of(EXPR3)endgroup
<to be read again> 
                   )
right_dir->...(z_a..controls.z_b.and(EXPR2)..z_d))
                                                  )-y_right.endgroup
<forever> ...nz_-pz_)<=tolerance;if.right_dir(z_c)
                                                  <=0:nz_.else:pz_.fi:=z_c; ...

zsolve->...))<=0:nz_.else:pz_.fi:=(SUFFIX3);endfor
                                                  .endgroup
down_dir->begingroup.zsolve.right_dir(z_c)
                                          ;lft(xpart(directionpoint.down.of(...
<forever> ...(nz_-pz_)<=tolerance;if.down_dir(z_b)
                                                  <=0:nz_.else:pz_.fi:=z_b; ...

zsolve->...))<=0:nz_.else:pz_.fi:=(SUFFIX3);endfor
                                                  .endgroup
put_ogonek->...),(1,y_right));zsolve.down_dir(z_b)
                                                  ;x_down':=xpart(lft(direct...
l.291  put_ogonek(the_pen)
                          ;
Maybe Jackowski knows how to change them...

! The direction doesn't occur.
<to be read again> 
                   ;
directionpoint->..."The direction doesn't occur");
                                                  fi.point.a_.of(EXPR3)endgroup
<to be read again> 
                   )
right_dir->...(z_a..controls.z_b.and(EXPR2)..z_d))
                                                  )-y_right.endgroup
<forever> ...nz_-pz_)<=tolerance;if.right_dir(z_c)
                                                  <=0:nz_.else:pz_.fi:=z_c; ...

zsolve->...))<=0:nz_.else:pz_.fi:=(SUFFIX3);endfor
                                                  .endgroup
down_dir->begingroup.zsolve.right_dir(z_c)
                                          ;lft(xpart(directionpoint.down.of(...
<forever> ...(nz_-pz_)<=tolerance;if.down_dir(z_b)
                                                  <=0:nz_.else:pz_.fi:=z_b; ...

zsolve->...))<=0:nz_.else:pz_.fi:=(SUFFIX3);endfor
                                                  .endgroup
put_ogonek->...),(1,y_right));zsolve.down_dir(z_b)
                                                  ;x_down':=xpart(lft(direct...
l.291  put_ogonek(the_pen)
                          ;
Maybe Jackowski knows how to change them...

! The direction doesn't occur.
<to be read again> 
                   ;
directionpoint->..."The direction doesn't occur");
                                                  fi.point.a_.of(EXPR3)endgroup
<to be read again> 
                   )
right_dir->...(z_a..controls.z_b.and(EXPR2)..z_d))
                                                  )-y_right.endgroup
<forever> ...nz_-pz_)<=tolerance;if.right_dir(z_c)
                                                  <=0:nz_.else:pz_.fi:=z_c; ...

zsolve->...))<=0:nz_.else:pz_.fi:=(SUFFIX3);endfor
                                                  .endgroup
down_dir->begingroup.zsolve.right_dir(z_c)
                                          ;lft(xpart(directionpoint.down.of(...
<forever> ...(nz_-pz_)<=tolerance;if.down_dir(z_b)
                                                  <=0:nz_.else:pz_.fi:=z_b; ...

zsolve->...))<=0:nz_.else:pz_.fi:=(SUFFIX3);endfor
                                                  .endgroup
put_ogonek->...),(1,y_right));zsolve.down_dir(z_b)
                                                  ;x_down':=xpart(lft(direct...
l.291  put_ogonek(the_pen)
                          ;
Maybe Jackowski knows how to change them...

! The direction doesn't occur.
<to be read again> 
                   ;
directionpoint->..."The direction doesn't occur");
                                                  fi.point.a_.of(EXPR3)endgroup
<to be read again> 
                   )
right_dir->...(z_a..controls.z_b.and(EXPR2)..z_d))
                                                  )-y_right.endgroup
<forever> ...nz_-pz_)<=tolerance;if.right_dir(z_c)
                                                  <=0:nz_.else:pz_.fi:=z_c; ...

zsolve->...))<=0:nz_.else:pz_.fi:=(SUFFIX3);endfor
                                                  .endgroup
down_dir->begingroup.zsolve.right_dir(z_c)
                                          ;lft(xpart(directionpoint.down.of(...
<forever> ...(nz_-pz_)<=tolerance;if.down_dir(z_b)
                                                  <=0:nz_.else:pz_.fi:=z_b; ...

zsolve->...))<=0:nz_.else:pz_.fi:=(SUFFIX3);endfor
                                                  .endgroup
put_ogonek->...),(1,y_right));zsolve.down_dir(z_b)
                                                  ;x_down':=xpart(lft(direct...
l.291  put_ogonek(the_pen)
                          ;
Maybe Jackowski knows how to change them...

! The direction doesn't occur.
<to be read again> 
                   ;
directionpoint->..."The direction doesn't occur");
                                                  fi.point.a_.of(EXPR3)endgroup
<to be read again> 
                   )
right_dir->...(z_a..controls.z_b.and(EXPR2)..z_d))
                                                  )-y_right.endgroup
<forever> ...nz_-pz_)<=tolerance;if.right_dir(z_c)
                                                  <=0:nz_.else:pz_.fi:=z_c; ...

zsolve->...))<=0:nz_.else:pz_.fi:=(SUFFIX3);endfor
                                                  .endgroup
down_dir->begingroup.zsolve.right_dir(z_c)
                                          ;lft(xpart(directionpoint.down.of(...
<forever> ...(nz_-pz_)<=tolerance;if.down_dir(z_b)
                                                  <=0:nz_.else:pz_.fi:=z_b; ...

zsolve->...))<=0:nz_.else:pz_.fi:=(SUFFIX3);endfor
                                                  .endgroup
put_ogonek->...),(1,y_right));zsolve.down_dir(z_b)
                                                  ;x_down':=xpart(lft(direct...
l.291  put_ogonek(the_pen)
                          ;
Maybe Jackowski knows how to change them...

! The direction doesn't occur.
<to be read again> 
                   ;
directionpoint->..."The direction doesn't occur");
                                                  fi.point.a_.of(EXPR3)endgroup
<to be read again> 
                   )
right_dir->...(z_a..controls.z_b.and(EXPR2)..z_d))
                                                  )-y_right.endgroup
<forever> ...nz_-pz_)<=tolerance;if.right_dir(z_c)
                                                  <=0:nz_.else:pz_.fi:=z_c; ...

zsolve->...))<=0:nz_.else:pz_.fi:=(SUFFIX3);endfor
                                                  .endgroup
down_dir->begingroup.zsolve.right_dir(z_c)
                                          ;lft(xpart(directionpoint.down.of(...
<forever> ...(nz_-pz_)<=tolerance;if.down_dir(z_b)
                                                  <=0:nz_.else:pz_.fi:=z_b; ...

zsolve->...))<=0:nz_.else:pz_.fi:=(SUFFIX3);endfor
                                                  .endgroup
put_ogonek->...),(1,y_right));zsolve.down_dir(z_b)
                                                  ;x_down':=xpart(lft(direct...
l.291  put_ogonek(the_pen)
                          ;
Maybe Jackowski knows how to change them...

! The direction doesn't occur.
<to be read again> 
                   ;
directionpoint->..."The direction doesn't occur");
                                                  fi.point.a_.of(EXPR3)endgroup
<to be read again> 
                   )
right_dir->...(z_a..controls.z_b.and(EXPR2)..z_d))
                                                  )-y_right.endgroup
<forever> ...nz_-pz_)<=tolerance;if.right_dir(z_c)
                                                  <=0:nz_.else:pz_.fi:=z_c; ...

zsolve->...))<=0:nz_.else:pz_.fi:=(SUFFIX3);endfor
                                                  .endgroup
down_dir->begingroup.zsolve.right_dir(z_c)
                                          ;lft(xpart(directionpoint.down.of(...
<forever> ...(nz_-pz_)<=tolerance;if.down_dir(z_b)
                                                  <=0:nz_.else:pz_.fi:=z_b; ...

zsolve->...))<=0:nz_.else:pz_.fi:=(SUFFIX3);endfor
                                                  .endgroup
put_ogonek->...),(1,y_right));zsolve.down_dir(z_b)
                                                  ;x_down':=xpart(lft(direct...
l.291  put_ogonek(the_pen)
                          ;
Maybe Jackowski knows how to change them...

! The direction doesn't occur.
<to be read again> 
                   ;
directionpoint->..."The direction doesn't occur");
                                                  fi.point.a_.of(EXPR3)endgroup
<to be read again> 
                   )
right_dir->...(z_a..controls.z_b.and(EXPR2)..z_d))
                                                  )-y_right.endgroup
<forever> ...nz_-pz_)<=tolerance;if.right_dir(z_c)
                                                  <=0:nz_.else:pz_.fi:=z_c; ...

zsolve->...))<=0:nz_.else:pz_.fi:=(SUFFIX3);endfor
                                                  .endgroup
down_dir->begingroup.zsolve.right_dir(z_c)
                                          ;lft(xpart(directionpoint.down.of(...
<forever> ...(nz_-pz_)<=tolerance;if.down_dir(z_b)
                                                  <=0:nz_.else:pz_.fi:=z_b; ...

zsolve->...))<=0:nz_.else:pz_.fi:=(SUFFIX3);endfor
                                                  .endgroup
put_ogonek->...),(1,y_right));zsolve.down_dir(z_b)
                                                  ;x_down':=xpart(lft(direct...
l.291  put_ogonek(the_pen)
                          ;
Maybe Jackowski knows how to change them...

! The direction doesn't occur.
<to be read again> 
                   ;
directionpoint->..."The direction doesn't occur");
                                                  fi.point.a_.of(EXPR3)endgroup
<to be read again> 
                   )
down_dir->...of(z_a..controls(EXPR2)and.z_c..z_d))
                                                  )-x_down.endgroup
<forever> ...(nz_-pz_)<=tolerance;if.down_dir(z_b)
                                                  <=0:nz_.else:pz_.fi:=z_b; ...

zsolve->...))<=0:nz_.else:pz_.fi:=(SUFFIX3);endfor
                                                  .endgroup
put_ogonek->...),(1,y_right));zsolve.down_dir(z_b)
                                                  ;x_down':=xpart(lft(direct...
l.291  put_ogonek(the_pen)
                          ;
Maybe Jackowski knows how to change them...

! The direction doesn't occur.
<to be read again> 
                   ;
directionpoint->..."The direction doesn't occur");
                                                  fi.point.a_.of(EXPR3)endgroup
<to be read again> 
                   )
right_dir->...(z_a..controls.z_b.and(EXPR2)..z_d))
                                                  )-y_right.endgroup
<forever> ...nz_-pz_)<=tolerance;if.right_dir(z_c)
                                                  <=0:nz_.else:pz_.fi:=z_c; ...

zsolve->...))<=0:nz_.else:pz_.fi:=(SUFFIX3);endfor
                                                  .endgroup
down_dir->begingroup.zsolve.right_dir(z_c)
                                          ;lft(xpart(directionpoint.down.of(...
<forever> ...(nz_-pz_)<=tolerance;if.down_dir(z_b)
                                                  <=0:nz_.else:pz_.fi:=z_b; ...

zsolve->...))<=0:nz_.else:pz_.fi:=(SUFFIX3);endfor
                                                  .endgroup
put_ogonek->...),(1,y_right));zsolve.down_dir(z_b)
                                                  ;x_down':=xpart(lft(direct...
l.291  put_ogonek(the_pen)
                          ;
Maybe Jackowski knows how to change them...

! The direction doesn't occur.
<to be read again> 
                   ;
directionpoint->..."The direction doesn't occur");
                                                  fi.point.a_.of(EXPR3)endgroup
<to be read again> 
                   )
right_dir->...(z_a..controls.z_b.and(EXPR2)..z_d))
                                                  )-y_right.endgroup
<forever> ...nz_-pz_)<=tolerance;if.right_dir(z_c)
                                                  <=0:nz_.else:pz_.fi:=z_c; ...

zsolve->...))<=0:nz_.else:pz_.fi:=(SUFFIX3);endfor
                                                  .endgroup
down_dir->begingroup.zsolve.right_dir(z_c)
                                          ;lft(xpart(directionpoint.down.of(...
<forever> ...(nz_-pz_)<=tolerance;if.down_dir(z_b)
                                                  <=0:nz_.else:pz_.fi:=z_b; ...

zsolve->...))<=0:nz_.else:pz_.fi:=(SUFFIX3);endfor
                                                  .endgroup
put_ogonek->...),(1,y_right));zsolve.down_dir(z_b)
                                                  ;x_down':=xpart(lft(direct...
l.291  put_ogonek(the_pen)
                          ;
Maybe Jackowski knows how to change them...

! The direction doesn't occur.
<to be read again> 
                   ;
directionpoint->..."The direction doesn't occur");
                                                  fi.point.a_.of(EXPR3)endgroup
<to be read again> 
                   )
right_dir->...(z_a..controls.z_b.and(EXPR2)..z_d))
                                                  )-y_right.endgroup
<forever> ...nz_-pz_)<=tolerance;if.right_dir(z_c)
                                                  <=0:nz_.else:pz_.fi:=z_c; ...

zsolve->...))<=0:nz_.else:pz_.fi:=(SUFFIX3);endfor
                                                  .endgroup
down_dir->begingroup.zsolve.right_dir(z_c)
                                          ;lft(xpart(directionpoint.down.of(...
<forever> ...(nz_-pz_)<=tolerance;if.down_dir(z_b)
                                                  <=0:nz_.else:pz_.fi:=z_b; ...

zsolve->...))<=0:nz_.else:pz_.fi:=(SUFFIX3);endfor
                                                  .endgroup
put_ogonek->...),(1,y_right));zsolve.down_dir(z_b)
                                                  ;x_down':=xpart(lft(direct...
l.291  put_ogonek(the_pen)
                          ;
Maybe Jackowski knows how to change them...

! The direction doesn't occur.
<to be read again> 
                   ;
directionpoint->..."The direction doesn't occur");
                                                  fi.point.a_.of(EXPR3)endgroup
<to be read again> 
                   )
right_dir->...(z_a..controls.z_b.and(EXPR2)..z_d))
                                                  )-y_right.endgroup
<forever> ...nz_-pz_)<=tolerance;if.right_dir(z_c)
                                                  <=0:nz_.else:pz_.fi:=z_c; ...

zsolve->...))<=0:nz_.else:pz_.fi:=(SUFFIX3);endfor
                                                  .endgroup
down_dir->begingroup.zsolve.right_dir(z_c)
                                          ;lft(xpart(directionpoint.down.of(...
<forever> ...(nz_-pz_)<=tolerance;if.down_dir(z_b)
                                                  <=0:nz_.else:pz_.fi:=z_b; ...

zsolve->...))<=0:nz_.else:pz_.fi:=(SUFFIX3);endfor
                                                  .endgroup
put_ogonek->...),(1,y_right));zsolve.down_dir(z_b)
                                                  ;x_down':=xpart(lft(direct...
l.291  put_ogonek(the_pen)
                          ;
Maybe Jackowski knows how to change them...

! The direction doesn't occur.
<to be read again> 
                   ;
directionpoint->..."The direction doesn't occur");
                                                  fi.point.a_.of(EXPR3)endgroup
<to be read again> 
                   )
right_dir->...(z_a..controls.z_b.and(EXPR2)..z_d))
                                                  )-y_right.endgroup
<forever> ...nz_-pz_)<=tolerance;if.right_dir(z_c)
                                                  <=0:nz_.else:pz_.fi:=z_c; ...

zsolve->...))<=0:nz_.else:pz_.fi:=(SUFFIX3);endfor
                                                  .endgroup
down_dir->begingroup.zsolve.right_dir(z_c)
                                          ;lft(xpart(directionpoint.down.of(...
<forever> ...(nz_-pz_)<=tolerance;if.down_dir(z_b)
                                                  <=0:nz_.else:pz_.fi:=z_b; ...

zsolve->...))<=0:nz_.else:pz_.fi:=(SUFFIX3);endfor
                                                  .endgroup
put_ogonek->...),(1,y_right));zsolve.down_dir(z_b)
                                                  ;x_down':=xpart(lft(direct...
l.291  put_ogonek(the_pen)
                          ;
Maybe Jackowski knows how to change them...

! The direction doesn't occur.
<to be read again> 
                   ;
directionpoint->..."The direction doesn't occur");
                                                  fi.point.a_.of(EXPR3)endgroup
<to be read again> 
                   )
right_dir->...(z_a..controls.z_b.and(EXPR2)..z_d))
                                                  )-y_right.endgroup
<forever> ...nz_-pz_)<=tolerance;if.right_dir(z_c)
                                                  <=0:nz_.else:pz_.fi:=z_c; ...

zsolve->...))<=0:nz_.else:pz_.fi:=(SUFFIX3);endfor
                                                  .endgroup
down_dir->begingroup.zsolve.right_dir(z_c)
                                          ;lft(xpart(directionpoint.down.of(...
<forever> ...(nz_-pz_)<=tolerance;if.down_dir(z_b)
                                                  <=0:nz_.else:pz_.fi:=z_b; ...

zsolve->...))<=0:nz_.else:pz_.fi:=(SUFFIX3);endfor
                                                  .endgroup
put_ogonek->...),(1,y_right));zsolve.down_dir(z_b)
                                                  ;x_down':=xpart(lft(direct...
l.291  put_ogonek(the_pen)
                          ;
Maybe Jackowski knows how to change them...

! The direction doesn't occur.
<to be read again> 
                   ;
directionpoint->..."The direction doesn't occur");
                                                  fi.point.a_.of(EXPR3)endgroup
<to be read again> 
                   )
right_dir->...(z_a..controls.z_b.and(EXPR2)..z_d))
                                                  )-y_right.endgroup
<forever> ...nz_-pz_)<=tolerance;if.right_dir(z_c)
                                                  <=0:nz_.else:pz_.fi:=z_c; ...

zsolve->...))<=0:nz_.else:pz_.fi:=(SUFFIX3);endfor
                                                  .endgroup
down_dir->begingroup.zsolve.right_dir(z_c)
                                          ;lft(xpart(directionpoint.down.of(...
<forever> ...(nz_-pz_)<=tolerance;if.down_dir(z_b)
                                                  <=0:nz_.else:pz_.fi:=z_b; ...

zsolve->...))<=0:nz_.else:pz_.fi:=(SUFFIX3);endfor
                                                  .endgroup
put_ogonek->...),(1,y_right));zsolve.down_dir(z_b)
                                                  ;x_down':=xpart(lft(direct...
l.291  put_ogonek(the_pen)
                          ;
Maybe Jackowski knows how to change them...

! The direction doesn't occur.
<to be read again> 
                   ;
directionpoint->..."The direction doesn't occur");
                                                  fi.point.a_.of(EXPR3)endgroup
<to be read again> 
                   )
right_dir->...(z_a..controls.z_b.and(EXPR2)..z_d))
                                                  )-y_right.endgroup
<forever> ...nz_-pz_)<=tolerance;if.right_dir(z_c)
                                                  <=0:nz_.else:pz_.fi:=z_c; ...

zsolve->...))<=0:nz_.else:pz_.fi:=(SUFFIX3);endfor
                                                  .endgroup
down_dir->begingroup.zsolve.right_dir(z_c)
                                          ;lft(xpart(directionpoint.down.of(...
<forever> ...(nz_-pz_)<=tolerance;if.down_dir(z_b)
                                                  <=0:nz_.else:pz_.fi:=z_b; ...

zsolve->...))<=0:nz_.else:pz_.fi:=(SUFFIX3);endfor
                                                  .endgroup
put_ogonek->...),(1,y_right));zsolve.down_dir(z_b)
                                                  ;x_down':=xpart(lft(direct...
l.291  put_ogonek(the_pen)
                          ;
Maybe Jackowski knows how to change them...

! The direction doesn't occur.
<to be read again> 
                   ;
directionpoint->..."The direction doesn't occur");
                                                  fi.point.a_.of(EXPR3)endgroup
<to be read again> 
                   )
down_dir->...of(z_a..controls(EXPR2)and.z_c..z_d))
                                                  )-x_down.endgroup
<forever> ...(nz_-pz_)<=tolerance;if.down_dir(z_b)
                                                  <=0:nz_.else:pz_.fi:=z_b; ...

zsolve->...))<=0:nz_.else:pz_.fi:=(SUFFIX3);endfor
                                                  .endgroup
put_ogonek->...),(1,y_right));zsolve.down_dir(z_b)
                                                  ;x_down':=xpart(lft(direct...
l.291  put_ogonek(the_pen)
                          ;
Maybe Jackowski knows how to change them...

! The direction doesn't occur.
<to be read again> 
                   ;
directionpoint->..."The direction doesn't occur");
                                                  fi.point.a_.of(EXPR3)endgroup
<to be read again> 
                   )
put_ogonek->...of(z_a..controls.z_b.and.z_c..z_d))
                                                  );y_right':=ypart(bot(dire...
l.291  put_ogonek(the_pen)
                          ;
Maybe Jackowski knows how to change them...

! The direction doesn't occur.
<to be read again> 
                   ;
directionpoint->..."The direction doesn't occur");
                                                  fi.point.a_.of(EXPR3)endgroup
<to be read again> 
                   )
put_ogonek->...of(z_a..controls.z_b.and.z_c..z_d))
                                                  );if.abs(x_down'-x_down,y_...
l.291  put_ogonek(the_pen)
                          ;
Maybe Jackowski knows how to change them...

ERROR: `ogonek' iteration hasn't converged! Final values:
x_down=70.00304 (should be 63)
y_right=0 (should be 5)
! Probably, you have to change somehow the boundary values.
<to be read again> 
                   ;
put_ogonek->...hange somehow the boundary values";
                                                  fi.z[ii]l=z_a;z[ii]'l=lo.z...
l.291  put_ogonek(the_pen)
                          ;
Maybe Jackowski knows how to change them...

[134] [135] [136] [137] [138] [139] [140]
> 0 ENE 1 (ESE SSE) SSW WSW WNW NNW WNW 2 WSW 3 (WNW NNW) NNE 4 (NNW WNW WSW) S
SW WSW SSW SSE ESE 5 SSE ESE ENE NNE 0
! Strange path (turning number is zero).
<to be read again> 
                   ;
l.483 ...stroke z3e{down}....term.e(4,5,left,1,4);
                                                   fi % arc and terminal
The path doesn't have a counterclockwise orientation,
so I'll probably have trouble drawing it.
(See Chapter 27 of The METAFONTbook for more help.)

[141] [142] [143] [144] [145] [146] [147] [148] [149] [150] [151]
> 0 WSW 2 (SSW SSE ESE) ENE 3 4 (ESE SSE SSW) WSW 5 (SSW) SSE 7 (SSW) WSW 9 (WN
W) NNW 10 WNW 11 (NNW NNE) ENE 12 14 (NNE NNW) WNW 0
! Strange path (turning number is zero).
<to be read again> 
                   ;
l.827     --diag_end(2l,1l,1,1,1r,0)--cycle;
                                             fi  % diagonals and stem
The path doesn't have a counterclockwise orientation,
so I'll probably have trouble drawing it.
(See Chapter 27 of The METAFONTbook for more help.)

[152]
! bad penpos (width is negative).
<to be read again> 
                   ;
penpos->...essage"bad penpos (width is negative)";
                                                  fi.fi(x(SUFFIX2)r-x(SUFFIX...
<for(1)> ...2r-x3l);penpos1(alpha*(z_stem-tiny),0)
                                                  ;penpos2(alpha*(z_stem-tin...
l.867 repeat_once
                 ;
Maybe Jackowski knows how to change them...

! bad penpos (width is negative).
<to be read again> 
                   ;
penpos->...essage"bad penpos (width is negative)";
                                                  fi.fi(x(SUFFIX2)r-x(SUFFIX...
<for(1)> ...iny),0);penpos2(alpha*(z_stem-tiny),0)
                                                  ;penpos3(alpha*(z_stem-tin...
l.867 repeat_once
                 ;
Maybe Jackowski knows how to change them...

! bad penpos (width is negative).
<to be read again> 
                   ;
penpos->...essage"bad penpos (width is negative)";
                                                  fi.fi(x(SUFFIX2)r-x(SUFFIX...
<for(1)> ...iny),0);penpos3(alpha*(z_stem-tiny),0)
                                                  ;penpos4(alpha*(z_stem-tin...
l.867 repeat_once
                 ;
Maybe Jackowski knows how to change them...

! bad penpos (width is negative).
<to be read again> 
                   ;
penpos->...essage"bad penpos (width is negative)";
                                                  fi.fi(x(SUFFIX2)r-x(SUFFIX...
<for(1)> ...iny),0);penpos4(alpha*(z_stem-tiny),0)
                                                  ;pair.delta;delta=penoffse...
l.867 repeat_once
                 ;
Maybe Jackowski knows how to change them...

! bad penpos (width is negative).
<to be read again> 
                   ;
penpos->...essage"bad penpos (width is negative)";
                                                  fi.fi(x(SUFFIX2)r-x(SUFFIX...
<for(%CAPSULE9217)> ...pos1(alpha*(z_stem-tiny),0)
                                                  ;penpos2(alpha*(z_stem-tin...
l.867 repeat_once
                 ;
Maybe Jackowski knows how to change them...

! bad penpos (width is negative).
<to be read again> 
                   ;
penpos->...essage"bad penpos (width is negative)";
                                                  fi.fi(x(SUFFIX2)r-x(SUFFIX...
<for(%CAPSULE9217)> ...pos2(alpha*(z_stem-tiny),0)
                                                  ;penpos3(alpha*(z_stem-tin...
l.867 repeat_once
                 ;
Maybe Jackowski knows how to change them...

! bad penpos (width is negative).
<to be read again> 
                   ;
penpos->...essage"bad penpos (width is negative)";
                                                  fi.fi(x(SUFFIX2)r-x(SUFFIX...
<for(%CAPSULE9217)> ...pos3(alpha*(z_stem-tiny),0)
                                                  ;penpos4(alpha*(z_stem-tin...
l.867 repeat_once
                 ;
Maybe Jackowski knows how to change them...

! bad penpos (width is negative).
<to be read again> 
                   ;
penpos->...essage"bad penpos (width is negative)";
                                                  fi.fi(x(SUFFIX2)r-x(SUFFIX...
<for(%CAPSULE9217)> ...pos4(alpha*(z_stem-tiny),0)
                                                  ;pair.delta;delta=penoffse...
l.867 repeat_once
                 ;
Maybe Jackowski knows how to change them...

[153]
! bad penpos (width is negative).
<to be read again> 
                   ;
penpos->...essage"bad penpos (width is negative)";
                                                  fi.fi(x(SUFFIX2)r-x(SUFFIX...
l.883 penpos1(alpha*(z_stem-tiny),0)
                                    ; penpos2(alpha*(z_stem-tiny),0);
Maybe Jackowski knows how to change them...

! bad penpos (width is negative).
<to be read again> 
                   ;
penpos->...essage"bad penpos (width is negative)";
                                                  fi.fi(x(SUFFIX2)r-x(SUFFIX...
l.883 ...-tiny),0); penpos2(alpha*(z_stem-tiny),0)
                                                  ;
Maybe Jackowski knows how to change them...

! bad penpos (width is negative).
<to be read again> 
                   ;
penpos->...essage"bad penpos (width is negative)";
                                                  fi.fi(x(SUFFIX2)r-x(SUFFIX...
l.884 penpos3(alpha*(z_stem-tiny),0)
                                    ; penpos4(alpha*(z_stem-tiny),0);
Maybe Jackowski knows how to change them...

! bad penpos (width is negative).
<to be read again> 
                   ;
penpos->...essage"bad penpos (width is negative)";
                                                  fi.fi(x(SUFFIX2)r-x(SUFFIX...
l.884 ...-tiny),0); penpos4(alpha*(z_stem-tiny),0)
                                                  ;
Maybe Jackowski knows how to change them...

[154]
! bad penpos (width is negative).
<to be read again> 
                   ;
penpos->...essage"bad penpos (width is negative)";
                                                  fi.fi(x(SUFFIX2)r-x(SUFFIX...
<for(1)> ...2r-x3l);penpos1(alpha*(z_stem-tiny),0)
                                                  ;penpos2(alpha*(z_stem-tin...
l.927 repeat_once
                 ;
Maybe Jackowski knows how to change them...

! bad penpos (width is negative).
<to be read again> 
                   ;
penpos->...essage"bad penpos (width is negative)";
                                                  fi.fi(x(SUFFIX2)r-x(SUFFIX...
<for(1)> ...iny),0);penpos2(alpha*(z_stem-tiny),0)
                                                  ;penpos3(alpha*(z_stem-tin...
l.927 repeat_once
                 ;
Maybe Jackowski knows how to change them...

! bad penpos (width is negative).
<to be read again> 
                   ;
penpos->...essage"bad penpos (width is negative)";
                                                  fi.fi(x(SUFFIX2)r-x(SUFFIX...
<for(1)> ...iny),0);penpos3(alpha*(z_stem-tiny),0)
                                                  ;penpos4(alpha*(z_stem-tin...
l.927 repeat_once
                 ;
Maybe Jackowski knows how to change them...

! bad penpos (width is negative).
<to be read again> 
                   ;
penpos->...essage"bad penpos (width is negative)";
                                                  fi.fi(x(SUFFIX2)r-x(SUFFIX...
<for(1)> ...iny),0);penpos4(alpha*(z_stem-tiny),0)
                                                  ;pair.delta;delta=penoffse...
l.927 repeat_once
                 ;
Maybe Jackowski knows how to change them...

! bad penpos (width is negative).
<to be read again> 
                   ;
penpos->...essage"bad penpos (width is negative)";
                                                  fi.fi(x(SUFFIX2)r-x(SUFFIX...
<for(%CAPSULE12919)> ...os1(alpha*(z_stem-tiny),0)
                                                  ;penpos2(alpha*(z_stem-tin...
l.927 repeat_once
                 ;
Maybe Jackowski knows how to change them...

! bad penpos (width is negative).
<to be read again> 
                   ;
penpos->...essage"bad penpos (width is negative)";
                                                  fi.fi(x(SUFFIX2)r-x(SUFFIX...
<for(%CAPSULE12919)> ...os2(alpha*(z_stem-tiny),0)
                                                  ;penpos3(alpha*(z_stem-tin...
l.927 repeat_once
                 ;
Maybe Jackowski knows how to change them...

! bad penpos (width is negative).
<to be read again> 
                   ;
penpos->...essage"bad penpos (width is negative)";
                                                  fi.fi(x(SUFFIX2)r-x(SUFFIX...
<for(%CAPSULE12919)> ...os3(alpha*(z_stem-tiny),0)
                                                  ;penpos4(alpha*(z_stem-tin...
l.927 repeat_once
                 ;
Maybe Jackowski knows how to change them...

! bad penpos (width is negative).
<to be read again> 
                   ;
penpos->...essage"bad penpos (width is negative)";
                                                  fi.fi(x(SUFFIX2)r-x(SUFFIX...
<for(%CAPSULE12919)> ...os4(alpha*(z_stem-tiny),0)
                                                  ;pair.delta;delta=penoffse...
l.927 repeat_once
                 ;
Maybe Jackowski knows how to change them...

[155]
> 0 ENE 1 (ESE SSE) SSW WSW WNW NNW WNW 2 WSW 3 (WNW NNW) NNE 4 (NNW WNW WSW) S
SW WSW SSW SSE ESE 5 ENE NNE 0
! Strange path (turning number is zero).
<to be read again> 
                   ;
l.959 ...oke z13e{down}....term.e(14,15,left,1,4);
                                                   fi % arc and terminal
The path doesn't have a counterclockwise orientation,
so I'll probably have trouble drawing it.
(See Chapter 27 of The METAFONTbook for more help.)

[156] [157]) (/usr/share/texmf-dist/fonts/source/jknappen/ec/exrleast.mf
 Ok
! The paths don't intersect.
<to be read again> 
                   ;
intersectionpoint->...The paths don't intersect");
                                                  origin.else:0.5[point.x_.o...
<to be read again> 
                   )
l.76 ...0))intersectionpoint(z3l{up}...{left}z4l))
                                                  ;
Maybe Jackowski knows how to change them...

[158] [160]
! The direction doesn't occur.
<to be read again> 
                   ;
directionpoint->..."The direction doesn't occur");
                                                  fi.point.a_.of(EXPR3)endgroup
<to be read again> 
                   )
right_dir->...(z_a..controls.z_b.and(EXPR2)..z_d))
                                                  )-y_right.endgroup
<forever> ...nz_-pz_)<=tolerance;if.right_dir(z_c)
                                                  <=0:nz_.else:pz_.fi:=z_c; ...

zsolve->...))<=0:nz_.else:pz_.fi:=(SUFFIX3);endfor
                                                  .endgroup
down_dir->begingroup.zsolve.right_dir(z_c)
                                          ;lft(xpart(directionpoint.down.of(...
<forever> ...(nz_-pz_)<=tolerance;if.down_dir(z_b)
                                                  <=0:nz_.else:pz_.fi:=z_b; ...

zsolve->...))<=0:nz_.else:pz_.fi:=(SUFFIX3);endfor
                                                  .endgroup
put_ogonek->...),(1,y_right));zsolve.down_dir(z_b)
                                                  ;x_down':=xpart(lft(direct...
l.196  put_ogonek(the_pen)
                          ;
Maybe Jackowski knows how to change them...

! The direction doesn't occur.
<to be read again> 
                   ;
directionpoint->..."The direction doesn't occur");
                                                  fi.point.a_.of(EXPR3)endgroup
<to be read again> 
                   )
right_dir->...(z_a..controls.z_b.and(EXPR2)..z_d))
                                                  )-y_right.endgroup
<forever> ...nz_-pz_)<=tolerance;if.right_dir(z_c)
                                                  <=0:nz_.else:pz_.fi:=z_c; ...

zsolve->...))<=0:nz_.else:pz_.fi:=(SUFFIX3);endfor
                                                  .endgroup
down_dir->begingroup.zsolve.right_dir(z_c)
                                          ;lft(xpart(directionpoint.down.of(...
<forever> ...(nz_-pz_)<=tolerance;if.down_dir(z_b)
                                                  <=0:nz_.else:pz_.fi:=z_b; ...

zsolve->...))<=0:nz_.else:pz_.fi:=(SUFFIX3);endfor
                                                  .endgroup
put_ogonek->...),(1,y_right));zsolve.down_dir(z_b)
                                                  ;x_down':=xpart(lft(direct...
l.196  put_ogonek(the_pen)
                          ;
Maybe Jackowski knows how to change them...

! The direction doesn't occur.
<to be read again> 
                   ;
directionpoint->..."The direction doesn't occur");
                                                  fi.point.a_.of(EXPR3)endgroup
<to be read again> 
                   )
right_dir->...(z_a..controls.z_b.and(EXPR2)..z_d))
                                                  )-y_right.endgroup
<forever> ...nz_-pz_)<=tolerance;if.right_dir(z_c)
                                                  <=0:nz_.else:pz_.fi:=z_c; ...

zsolve->...))<=0:nz_.else:pz_.fi:=(SUFFIX3);endfor
                                                  .endgroup
down_dir->begingroup.zsolve.right_dir(z_c)
                                          ;lft(xpart(directionpoint.down.of(...
<forever> ...(nz_-pz_)<=tolerance;if.down_dir(z_b)
                                                  <=0:nz_.else:pz_.fi:=z_b; ...

zsolve->...))<=0:nz_.else:pz_.fi:=(SUFFIX3);endfor
                                                  .endgroup
put_ogonek->...),(1,y_right));zsolve.down_dir(z_b)
                                                  ;x_down':=xpart(lft(direct...
l.196  put_ogonek(the_pen)
                          ;
Maybe Jackowski knows how to change them...

! The direction doesn't occur.
<to be read again> 
                   ;
directionpoint->..."The direction doesn't occur");
                                                  fi.point.a_.of(EXPR3)endgroup
<to be read again> 
                   )
right_dir->...(z_a..controls.z_b.and(EXPR2)..z_d))
                                                  )-y_right.endgroup
<forever> ...nz_-pz_)<=tolerance;if.right_dir(z_c)
                                                  <=0:nz_.else:pz_.fi:=z_c; ...

zsolve->...))<=0:nz_.else:pz_.fi:=(SUFFIX3);endfor
                                                  .endgroup
down_dir->begingroup.zsolve.right_dir(z_c)
                                          ;lft(xpart(directionpoint.down.of(...
<forever> ...(nz_-pz_)<=tolerance;if.down_dir(z_b)
                                                  <=0:nz_.else:pz_.fi:=z_b; ...

zsolve->...))<=0:nz_.else:pz_.fi:=(SUFFIX3);endfor
                                                  .endgroup
put_ogonek->...),(1,y_right));zsolve.down_dir(z_b)
                                                  ;x_down':=xpart(lft(direct...
l.196  put_ogonek(the_pen)
                          ;
Maybe Jackowski knows how to change them...

! The direction doesn't occur.
<to be read again> 
                   ;
directionpoint->..."The direction doesn't occur");
                                                  fi.point.a_.of(EXPR3)endgroup
<to be read again> 
                   )
right_dir->...(z_a..controls.z_b.and(EXPR2)..z_d))
                                                  )-y_right.endgroup
<forever> ...nz_-pz_)<=tolerance;if.right_dir(z_c)
                                                  <=0:nz_.else:pz_.fi:=z_c; ...

zsolve->...))<=0:nz_.else:pz_.fi:=(SUFFIX3);endfor
                                                  .endgroup
down_dir->begingroup.zsolve.right_dir(z_c)
                                          ;lft(xpart(directionpoint.down.of(...
<forever> ...(nz_-pz_)<=tolerance;if.down_dir(z_b)
                                                  <=0:nz_.else:pz_.fi:=z_b; ...

zsolve->...))<=0:nz_.else:pz_.fi:=(SUFFIX3);endfor
                                                  .endgroup
put_ogonek->...),(1,y_right));zsolve.down_dir(z_b)
                                                  ;x_down':=xpart(lft(direct...
l.196  put_ogonek(the_pen)
                          ;
Maybe Jackowski knows how to change them...

! The direction doesn't occur.
<to be read again> 
                   ;
directionpoint->..."The direction doesn't occur");
                                                  fi.point.a_.of(EXPR3)endgroup
<to be read again> 
                   )
right_dir->...(z_a..controls.z_b.and(EXPR2)..z_d))
                                                  )-y_right.endgroup
<forever> ...nz_-pz_)<=tolerance;if.right_dir(z_c)
                                                  <=0:nz_.else:pz_.fi:=z_c; ...

zsolve->...))<=0:nz_.else:pz_.fi:=(SUFFIX3);endfor
                                                  .endgroup
down_dir->begingroup.zsolve.right_dir(z_c)
                                          ;lft(xpart(directionpoint.down.of(...
<forever> ...(nz_-pz_)<=tolerance;if.down_dir(z_b)
                                                  <=0:nz_.else:pz_.fi:=z_b; ...

zsolve->...))<=0:nz_.else:pz_.fi:=(SUFFIX3);endfor
                                                  .endgroup
put_ogonek->...),(1,y_right));zsolve.down_dir(z_b)
                                                  ;x_down':=xpart(lft(direct...
l.196  put_ogonek(the_pen)
                          ;
Maybe Jackowski knows how to change them...

! The direction doesn't occur.
<to be read again> 
                   ;
directionpoint->..."The direction doesn't occur");
                                                  fi.point.a_.of(EXPR3)endgroup
<to be read again> 
                   )
right_dir->...(z_a..controls.z_b.and(EXPR2)..z_d))
                                                  )-y_right.endgroup
<forever> ...nz_-pz_)<=tolerance;if.right_dir(z_c)
                                                  <=0:nz_.else:pz_.fi:=z_c; ...

zsolve->...))<=0:nz_.else:pz_.fi:=(SUFFIX3);endfor
                                                  .endgroup
down_dir->begingroup.zsolve.right_dir(z_c)
                                          ;lft(xpart(directionpoint.down.of(...
<forever> ...(nz_-pz_)<=tolerance;if.down_dir(z_b)
                                                  <=0:nz_.else:pz_.fi:=z_b; ...

zsolve->...))<=0:nz_.else:pz_.fi:=(SUFFIX3);endfor
                                                  .endgroup
put_ogonek->...),(1,y_right));zsolve.down_dir(z_b)
                                                  ;x_down':=xpart(lft(direct...
l.196  put_ogonek(the_pen)
                          ;
Maybe Jackowski knows how to change them...

! The direction doesn't occur.
<to be read again> 
                   ;
directionpoint->..."The direction doesn't occur");
                                                  fi.point.a_.of(EXPR3)endgroup
<to be read again> 
                   )
right_dir->...(z_a..controls.z_b.and(EXPR2)..z_d))
                                                  )-y_right.endgroup
<forever> ...nz_-pz_)<=tolerance;if.right_dir(z_c)
                                                  <=0:nz_.else:pz_.fi:=z_c; ...

zsolve->...))<=0:nz_.else:pz_.fi:=(SUFFIX3);endfor
                                                  .endgroup
down_dir->begingroup.zsolve.right_dir(z_c)
                                          ;lft(xpart(directionpoint.down.of(...
<forever> ...(nz_-pz_)<=tolerance;if.down_dir(z_b)
                                                  <=0:nz_.else:pz_.fi:=z_b; ...

zsolve->...))<=0:nz_.else:pz_.fi:=(SUFFIX3);endfor
                                                  .endgroup
put_ogonek->...),(1,y_right));zsolve.down_dir(z_b)
                                                  ;x_down':=xpart(lft(direct...
l.196  put_ogonek(the_pen)
                          ;
Maybe Jackowski knows how to change them...

! The direction doesn't occur.
<to be read again> 
                   ;
directionpoint->..."The direction doesn't occur");
                                                  fi.point.a_.of(EXPR3)endgroup
<to be read again> 
                   )
down_dir->...of(z_a..controls(EXPR2)and.z_c..z_d))
                                                  )-x_down.endgroup
<forever> ...(nz_-pz_)<=tolerance;if.down_dir(z_b)
                                                  <=0:nz_.else:pz_.fi:=z_b; ...

zsolve->...))<=0:nz_.else:pz_.fi:=(SUFFIX3);endfor
                                                  .endgroup
put_ogonek->...),(1,y_right));zsolve.down_dir(z_b)
                                                  ;x_down':=xpart(lft(direct...
l.196  put_ogonek(the_pen)
                          ;
Maybe Jackowski knows how to change them...

! The direction doesn't occur.
<to be read again> 
                   ;
directionpoint->..."The direction doesn't occur");
                                                  fi.point.a_.of(EXPR3)endgroup
<to be read again> 
                   )
right_dir->...(z_a..controls.z_b.and(EXPR2)..z_d))
                                                  )-y_right.endgroup
<forever> ...nz_-pz_)<=tolerance;if.right_dir(z_c)
                                                  <=0:nz_.else:pz_.fi:=z_c; ...

zsolve->...))<=0:nz_.else:pz_.fi:=(SUFFIX3);endfor
                                                  .endgroup
down_dir->begingroup.zsolve.right_dir(z_c)
                                          ;lft(xpart(directionpoint.down.of(...
<forever> ...(nz_-pz_)<=tolerance;if.down_dir(z_b)
                                                  <=0:nz_.else:pz_.fi:=z_b; ...

zsolve->...))<=0:nz_.else:pz_.fi:=(SUFFIX3);endfor
                                                  .endgroup
put_ogonek->...),(1,y_right));zsolve.down_dir(z_b)
                                                  ;x_down':=xpart(lft(direct...
l.196  put_ogonek(the_pen)
                          ;
Maybe Jackowski knows how to change them...

! The direction doesn't occur.
<to be read again> 
                   ;
directionpoint->..."The direction doesn't occur");
                                                  fi.point.a_.of(EXPR3)endgroup
<to be read again> 
                   )
right_dir->...(z_a..controls.z_b.and(EXPR2)..z_d))
                                                  )-y_right.endgroup
<forever> ...nz_-pz_)<=tolerance;if.right_dir(z_c)
                                                  <=0:nz_.else:pz_.fi:=z_c; ...

zsolve->...))<=0:nz_.else:pz_.fi:=(SUFFIX3);endfor
                                                  .endgroup
down_dir->begingroup.zsolve.right_dir(z_c)
                                          ;lft(xpart(directionpoint.down.of(...
<forever> ...(nz_-pz_)<=tolerance;if.down_dir(z_b)
                                                  <=0:nz_.else:pz_.fi:=z_b; ...

zsolve->...))<=0:nz_.else:pz_.fi:=(SUFFIX3);endfor
                                                  .endgroup
put_ogonek->...),(1,y_right));zsolve.down_dir(z_b)
                                                  ;x_down':=xpart(lft(direct...
l.196  put_ogonek(the_pen)
                          ;
Maybe Jackowski knows how to change them...

! The direction doesn't occur.
<to be read again> 
                   ;
directionpoint->..."The direction doesn't occur");
                                                  fi.point.a_.of(EXPR3)endgroup
<to be read again> 
                   )
right_dir->...(z_a..controls.z_b.and(EXPR2)..z_d))
                                                  )-y_right.endgroup
<forever> ...nz_-pz_)<=tolerance;if.right_dir(z_c)
                                                  <=0:nz_.else:pz_.fi:=z_c; ...

zsolve->...))<=0:nz_.else:pz_.fi:=(SUFFIX3);endfor
                                                  .endgroup
down_dir->begingroup.zsolve.right_dir(z_c)
                                          ;lft(xpart(directionpoint.down.of(...
<forever> ...(nz_-pz_)<=tolerance;if.down_dir(z_b)
                                                  <=0:nz_.else:pz_.fi:=z_b; ...

zsolve->...))<=0:nz_.else:pz_.fi:=(SUFFIX3);endfor
                                                  .endgroup
put_ogonek->...),(1,y_right));zsolve.down_dir(z_b)
                                                  ;x_down':=xpart(lft(direct...
l.196  put_ogonek(the_pen)
                          ;
Maybe Jackowski knows how to change them...

! The direction doesn't occur.
<to be read again> 
                   ;
directionpoint->..."The direction doesn't occur");
                                                  fi.point.a_.of(EXPR3)endgroup
<to be read again> 
                   )
right_dir->...(z_a..controls.z_b.and(EXPR2)..z_d))
                                                  )-y_right.endgroup
<forever> ...nz_-pz_)<=tolerance;if.right_dir(z_c)
                                                  <=0:nz_.else:pz_.fi:=z_c; ...

zsolve->...))<=0:nz_.else:pz_.fi:=(SUFFIX3);endfor
                                                  .endgroup
down_dir->begingroup.zsolve.right_dir(z_c)
                                          ;lft(xpart(directionpoint.down.of(...
<forever> ...(nz_-pz_)<=tolerance;if.down_dir(z_b)
                                                  <=0:nz_.else:pz_.fi:=z_b; ...

zsolve->...))<=0:nz_.else:pz_.fi:=(SUFFIX3);endfor
                                                  .endgroup
put_ogonek->...),(1,y_right));zsolve.down_dir(z_b)
                                                  ;x_down':=xpart(lft(direct...
l.196  put_ogonek(the_pen)
                          ;
Maybe Jackowski knows how to change them...

! The direction doesn't occur.
<to be read again> 
                   ;
directionpoint->..."The direction doesn't occur");
                                                  fi.point.a_.of(EXPR3)endgroup
<to be read again> 
                   )
right_dir->...(z_a..controls.z_b.and(EXPR2)..z_d))
                                                  )-y_right.endgroup
<forever> ...nz_-pz_)<=tolerance;if.right_dir(z_c)
                                                  <=0:nz_.else:pz_.fi:=z_c; ...

zsolve->...))<=0:nz_.else:pz_.fi:=(SUFFIX3);endfor
                                                  .endgroup
down_dir->begingroup.zsolve.right_dir(z_c)
                                          ;lft(xpart(directionpoint.down.of(...
<forever> ...(nz_-pz_)<=tolerance;if.down_dir(z_b)
                                                  <=0:nz_.else:pz_.fi:=z_b; ...

zsolve->...))<=0:nz_.else:pz_.fi:=(SUFFIX3);endfor
                                                  .endgroup
put_ogonek->...),(1,y_right));zsolve.down_dir(z_b)
                                                  ;x_down':=xpart(lft(direct...
l.196  put_ogonek(the_pen)
                          ;
Maybe Jackowski knows how to change them...

! The direction doesn't occur.
<to be read again> 
                   ;
directionpoint->..."The direction doesn't occur");
                                                  fi.point.a_.of(EXPR3)endgroup
<to be read again> 
                   )
right_dir->...(z_a..controls.z_b.and(EXPR2)..z_d))
                                                  )-y_right.endgroup
<forever> ...nz_-pz_)<=tolerance;if.right_dir(z_c)
                                                  <=0:nz_.else:pz_.fi:=z_c; ...

zsolve->...))<=0:nz_.else:pz_.fi:=(SUFFIX3);endfor
                                                  .endgroup
down_dir->begingroup.zsolve.right_dir(z_c)
                                          ;lft(xpart(directionpoint.down.of(...
<forever> ...(nz_-pz_)<=tolerance;if.down_dir(z_b)
                                                  <=0:nz_.else:pz_.fi:=z_b; ...

zsolve->...))<=0:nz_.else:pz_.fi:=(SUFFIX3);endfor
                                                  .endgroup
put_ogonek->...),(1,y_right));zsolve.down_dir(z_b)
                                                  ;x_down':=xpart(lft(direct...
l.196  put_ogonek(the_pen)
                          ;
Maybe Jackowski knows how to change them...

! The direction doesn't occur.
<to be read again> 
                   ;
directionpoint->..."The direction doesn't occur");
                                                  fi.point.a_.of(EXPR3)endgroup
<to be read again> 
                   )
right_dir->...(z_a..controls.z_b.and(EXPR2)..z_d))
                                                  )-y_right.endgroup
<forever> ...nz_-pz_)<=tolerance;if.right_dir(z_c)
                                                  <=0:nz_.else:pz_.fi:=z_c; ...

zsolve->...))<=0:nz_.else:pz_.fi:=(SUFFIX3);endfor
                                                  .endgroup
down_dir->begingroup.zsolve.right_dir(z_c)
                                          ;lft(xpart(directionpoint.down.of(...
<forever> ...(nz_-pz_)<=tolerance;if.down_dir(z_b)
                                                  <=0:nz_.else:pz_.fi:=z_b; ...

zsolve->...))<=0:nz_.else:pz_.fi:=(SUFFIX3);endfor
                                                  .endgroup
put_ogonek->...),(1,y_right));zsolve.down_dir(z_b)
                                                  ;x_down':=xpart(lft(direct...
l.196  put_ogonek(the_pen)
                          ;
Maybe Jackowski knows how to change them...

! The direction doesn't occur.
<to be read again> 
                   ;
directionpoint->..."The direction doesn't occur");
                                                  fi.point.a_.of(EXPR3)endgroup
<to be read again> 
                   )
right_dir->...(z_a..controls.z_b.and(EXPR2)..z_d))
                                                  )-y_right.endgroup
<forever> ...nz_-pz_)<=tolerance;if.right_dir(z_c)
                                                  <=0:nz_.else:pz_.fi:=z_c; ...

zsolve->...))<=0:nz_.else:pz_.fi:=(SUFFIX3);endfor
                                                  .endgroup
down_dir->begingroup.zsolve.right_dir(z_c)
                                          ;lft(xpart(directionpoint.down.of(...
<forever> ...(nz_-pz_)<=tolerance;if.down_dir(z_b)
                                                  <=0:nz_.else:pz_.fi:=z_b; ...

zsolve->...))<=0:nz_.else:pz_.fi:=(SUFFIX3);endfor
                                                  .endgroup
put_ogonek->...),(1,y_right));zsolve.down_dir(z_b)
                                                  ;x_down':=xpart(lft(direct...
l.196  put_ogonek(the_pen)
                          ;
Maybe Jackowski knows how to change them...

! The direction doesn't occur.
<to be read again> 
                   ;
directionpoint->..."The direction doesn't occur");
                                                  fi.point.a_.of(EXPR3)endgroup
<to be read again> 
                   )
down_dir->...of(z_a..controls(EXPR2)and.z_c..z_d))
                                                  )-x_down.endgroup
<forever> ...(nz_-pz_)<=tolerance;if.down_dir(z_b)
                                                  <=0:nz_.else:pz_.fi:=z_b; ...

zsolve->...))<=0:nz_.else:pz_.fi:=(SUFFIX3);endfor
                                                  .endgroup
put_ogonek->...),(1,y_right));zsolve.down_dir(z_b)
                                                  ;x_down':=xpart(lft(direct...
l.196  put_ogonek(the_pen)
                          ;
Maybe Jackowski knows how to change them...

! The direction doesn't occur.
<to be read again> 
                   ;
directionpoint->..."The direction doesn't occur");
                                                  fi.point.a_.of(EXPR3)endgroup
<to be read again> 
                   )
right_dir->...(z_a..controls.z_b.and(EXPR2)..z_d))
                                                  )-y_right.endgroup
<forever> ...nz_-pz_)<=tolerance;if.right_dir(z_c)
                                                  <=0:nz_.else:pz_.fi:=z_c; ...

zsolve->...))<=0:nz_.else:pz_.fi:=(SUFFIX3);endfor
                                                  .endgroup
down_dir->begingroup.zsolve.right_dir(z_c)
                                          ;lft(xpart(directionpoint.down.of(...
<forever> ...(nz_-pz_)<=tolerance;if.down_dir(z_b)
                                                  <=0:nz_.else:pz_.fi:=z_b; ...

zsolve->...))<=0:nz_.else:pz_.fi:=(SUFFIX3);endfor
                                                  .endgroup
put_ogonek->...),(1,y_right));zsolve.down_dir(z_b)
                                                  ;x_down':=xpart(lft(direct...
l.196  put_ogonek(the_pen)
                          ;
Maybe Jackowski knows how to change them...

! The direction doesn't occur.
<to be read again> 
                   ;
directionpoint->..."The direction doesn't occur");
                                                  fi.point.a_.of(EXPR3)endgroup
<to be read again> 
                   )
right_dir->...(z_a..controls.z_b.and(EXPR2)..z_d))
                                                  )-y_right.endgroup
<forever> ...nz_-pz_)<=tolerance;if.right_dir(z_c)
                                                  <=0:nz_.else:pz_.fi:=z_c; ...

zsolve->...))<=0:nz_.else:pz_.fi:=(SUFFIX3);endfor
                                                  .endgroup
down_dir->begingroup.zsolve.right_dir(z_c)
                                          ;lft(xpart(directionpoint.down.of(...
<forever> ...(nz_-pz_)<=tolerance;if.down_dir(z_b)
                                                  <=0:nz_.else:pz_.fi:=z_b; ...

zsolve->...))<=0:nz_.else:pz_.fi:=(SUFFIX3);endfor
                                                  .endgroup
put_ogonek->...),(1,y_right));zsolve.down_dir(z_b)
                                                  ;x_down':=xpart(lft(direct...
l.196  put_ogonek(the_pen)
                          ;
Maybe Jackowski knows how to change them...

! The direction doesn't occur.
<to be read again> 
                   ;
directionpoint->..."The direction doesn't occur");
                                                  fi.point.a_.of(EXPR3)endgroup
<to be read again> 
                   )
right_dir->...(z_a..controls.z_b.and(EXPR2)..z_d))
                                                  )-y_right.endgroup
<forever> ...nz_-pz_)<=tolerance;if.right_dir(z_c)
                                                  <=0:nz_.else:pz_.fi:=z_c; ...

zsolve->...))<=0:nz_.else:pz_.fi:=(SUFFIX3);endfor
                                                  .endgroup
down_dir->begingroup.zsolve.right_dir(z_c)
                                          ;lft(xpart(directionpoint.down.of(...
<forever> ...(nz_-pz_)<=tolerance;if.down_dir(z_b)
                                                  <=0:nz_.else:pz_.fi:=z_b; ...

zsolve->...))<=0:nz_.else:pz_.fi:=(SUFFIX3);endfor
                                                  .endgroup
put_ogonek->...),(1,y_right));zsolve.down_dir(z_b)
                                                  ;x_down':=xpart(lft(direct...
l.196  put_ogonek(the_pen)
                          ;
Maybe Jackowski knows how to change them...

! The direction doesn't occur.
<to be read again> 
                   ;
directionpoint->..."The direction doesn't occur");
                                                  fi.point.a_.of(EXPR3)endgroup
<to be read again> 
                   )
right_dir->...(z_a..controls.z_b.and(EXPR2)..z_d))
                                                  )-y_right.endgroup
<forever> ...nz_-pz_)<=tolerance;if.right_dir(z_c)
                                                  <=0:nz_.else:pz_.fi:=z_c; ...

zsolve->...))<=0:nz_.else:pz_.fi:=(SUFFIX3);endfor
                                                  .endgroup
down_dir->begingroup.zsolve.right_dir(z_c)
                                          ;lft(xpart(directionpoint.down.of(...
<forever> ...(nz_-pz_)<=tolerance;if.down_dir(z_b)
                                                  <=0:nz_.else:pz_.fi:=z_b; ...

zsolve->...))<=0:nz_.else:pz_.fi:=(SUFFIX3);endfor
                                                  .endgroup
put_ogonek->...),(1,y_right));zsolve.down_dir(z_b)
                                                  ;x_down':=xpart(lft(direct...
l.196  put_ogonek(the_pen)
                          ;
Maybe Jackowski knows how to change them...

! The direction doesn't occur.
<to be read again> 
                   ;
directionpoint->..."The direction doesn't occur");
                                                  fi.point.a_.of(EXPR3)endgroup
<to be read again> 
                   )
right_dir->...(z_a..controls.z_b.and(EXPR2)..z_d))
                                                  )-y_right.endgroup
<forever> ...nz_-pz_)<=tolerance;if.right_dir(z_c)
                                                  <=0:nz_.else:pz_.fi:=z_c; ...

zsolve->...))<=0:nz_.else:pz_.fi:=(SUFFIX3);endfor
                                                  .endgroup
down_dir->begingroup.zsolve.right_dir(z_c)
                                          ;lft(xpart(directionpoint.down.of(...
<forever> ...(nz_-pz_)<=tolerance;if.down_dir(z_b)
                                                  <=0:nz_.else:pz_.fi:=z_b; ...

zsolve->...))<=0:nz_.else:pz_.fi:=(SUFFIX3);endfor
                                                  .endgroup
put_ogonek->...),(1,y_right));zsolve.down_dir(z_b)
                                                  ;x_down':=xpart(lft(direct...
l.196  put_ogonek(the_pen)
                          ;
Maybe Jackowski knows how to change them...

! The direction doesn't occur.
<to be read again> 
                   ;
directionpoint->..."The direction doesn't occur");
                                                  fi.point.a_.of(EXPR3)endgroup
<to be read again> 
                   )
right_dir->...(z_a..controls.z_b.and(EXPR2)..z_d))
                                                  )-y_right.endgroup
<forever> ...nz_-pz_)<=tolerance;if.right_dir(z_c)
                                                  <=0:nz_.else:pz_.fi:=z_c; ...

zsolve->...))<=0:nz_.else:pz_.fi:=(SUFFIX3);endfor
                                                  .endgroup
down_dir->begingroup.zsolve.right_dir(z_c)
                                          ;lft(xpart(directionpoint.down.of(...
<forever> ...(nz_-pz_)<=tolerance;if.down_dir(z_b)
                                                  <=0:nz_.else:pz_.fi:=z_b; ...

zsolve->...))<=0:nz_.else:pz_.fi:=(SUFFIX3);endfor
                                                  .endgroup
put_ogonek->...),(1,y_right));zsolve.down_dir(z_b)
                                                  ;x_down':=xpart(lft(direct...
l.196  put_ogonek(the_pen)
                          ;
Maybe Jackowski knows how to change them...

! The direction doesn't occur.
<to be read again> 
                   ;
directionpoint->..."The direction doesn't occur");
                                                  fi.point.a_.of(EXPR3)endgroup
<to be read again> 
                   )
right_dir->...(z_a..controls.z_b.and(EXPR2)..z_d))
                                                  )-y_right.endgroup
<forever> ...nz_-pz_)<=tolerance;if.right_dir(z_c)
                                                  <=0:nz_.else:pz_.fi:=z_c; ...

zsolve->...))<=0:nz_.else:pz_.fi:=(SUFFIX3);endfor
                                                  .endgroup
down_dir->begingroup.zsolve.right_dir(z_c)
                                          ;lft(xpart(directionpoint.down.of(...
<forever> ...(nz_-pz_)<=tolerance;if.down_dir(z_b)
                                                  <=0:nz_.else:pz_.fi:=z_b; ...

zsolve->...))<=0:nz_.else:pz_.fi:=(SUFFIX3);endfor
                                                  .endgroup
put_ogonek->...),(1,y_right));zsolve.down_dir(z_b)
                                                  ;x_down':=xpart(lft(direct...
l.196  put_ogonek(the_pen)
                          ;
Maybe Jackowski knows how to change them...

! The direction doesn't occur.
<to be read again> 
                   ;
directionpoint->..."The direction doesn't occur");
                                                  fi.point.a_.of(EXPR3)endgroup
<to be read again> 
                   )
right_dir->...(z_a..controls.z_b.and(EXPR2)..z_d))
                                                  )-y_right.endgroup
<forever> ...nz_-pz_)<=tolerance;if.right_dir(z_c)
                                                  <=0:nz_.else:pz_.fi:=z_c; ...

zsolve->...))<=0:nz_.else:pz_.fi:=(SUFFIX3);endfor
                                                  .endgroup
down_dir->begingroup.zsolve.right_dir(z_c)
                                          ;lft(xpart(directionpoint.down.of(...
<forever> ...(nz_-pz_)<=tolerance;if.down_dir(z_b)
                                                  <=0:nz_.else:pz_.fi:=z_b; ...

zsolve->...))<=0:nz_.else:pz_.fi:=(SUFFIX3);endfor
                                                  .endgroup
put_ogonek->...),(1,y_right));zsolve.down_dir(z_b)
                                                  ;x_down':=xpart(lft(direct...
l.196  put_ogonek(the_pen)
                          ;
Maybe Jackowski knows how to change them...

! The direction doesn't occur.
<to be read again> 
                   ;
directionpoint->..."The direction doesn't occur");
                                                  fi.point.a_.of(EXPR3)endgroup
<to be read again> 
                   )
down_dir->...of(z_a..controls(EXPR2)and.z_c..z_d))
                                                  )-x_down.endgroup
<forever> ...(nz_-pz_)<=tolerance;if.down_dir(z_b)
                                                  <=0:nz_.else:pz_.fi:=z_b; ...

zsolve->...))<=0:nz_.else:pz_.fi:=(SUFFIX3);endfor
                                                  .endgroup
put_ogonek->...),(1,y_right));zsolve.down_dir(z_b)
                                                  ;x_down':=xpart(lft(direct...
l.196  put_ogonek(the_pen)
                          ;
Maybe Jackowski knows how to change them...

! The direction doesn't occur.
<to be read again> 
                   ;
directionpoint->..."The direction doesn't occur");
                                                  fi.point.a_.of(EXPR3)endgroup
<to be read again> 
                   )
right_dir->...(z_a..controls.z_b.and(EXPR2)..z_d))
                                                  )-y_right.endgroup
<forever> ...nz_-pz_)<=tolerance;if.right_dir(z_c)
                                                  <=0:nz_.else:pz_.fi:=z_c; ...

zsolve->...))<=0:nz_.else:pz_.fi:=(SUFFIX3);endfor
                                                  .endgroup
down_dir->begingroup.zsolve.right_dir(z_c)
                                          ;lft(xpart(directionpoint.down.of(...
<forever> ...(nz_-pz_)<=tolerance;if.down_dir(z_b)
                                                  <=0:nz_.else:pz_.fi:=z_b; ...

zsolve->...))<=0:nz_.else:pz_.fi:=(SUFFIX3);endfor
                                                  .endgroup
put_ogonek->...),(1,y_right));zsolve.down_dir(z_b)
                                                  ;x_down':=xpart(lft(direct...
l.196  put_ogonek(the_pen)
                          ;
Maybe Jackowski knows how to change them...

! The direction doesn't occur.
<to be read again> 
                   ;
directionpoint->..."The direction doesn't occur");
                                                  fi.point.a_.of(EXPR3)endgroup
<to be read again> 
                   )
right_dir->...(z_a..controls.z_b.and(EXPR2)..z_d))
                                                  )-y_right.endgroup
<forever> ...nz_-pz_)<=tolerance;if.right_dir(z_c)
                                                  <=0:nz_.else:pz_.fi:=z_c; ...

zsolve->...))<=0:nz_.else:pz_.fi:=(SUFFIX3);endfor
                                                  .endgroup
down_dir->begingroup.zsolve.right_dir(z_c)
                                          ;lft(xpart(directionpoint.down.of(...
<forever> ...(nz_-pz_)<=tolerance;if.down_dir(z_b)
                                                  <=0:nz_.else:pz_.fi:=z_b; ...

zsolve->...))<=0:nz_.else:pz_.fi:=(SUFFIX3);endfor
                                                  .endgroup
put_ogonek->...),(1,y_right));zsolve.down_dir(z_b)
                                                  ;x_down':=xpart(lft(direct...
l.196  put_ogonek(the_pen)
                          ;
Maybe Jackowski knows how to change them...

! The direction doesn't occur.
<to be read again> 
                   ;
directionpoint->..."The direction doesn't occur");
                                                  fi.point.a_.of(EXPR3)endgroup
<to be read again> 
                   )
right_dir->...(z_a..controls.z_b.and(EXPR2)..z_d))
                                                  )-y_right.endgroup
<forever> ...nz_-pz_)<=tolerance;if.right_dir(z_c)
                                                  <=0:nz_.else:pz_.fi:=z_c; ...

zsolve->...))<=0:nz_.else:pz_.fi:=(SUFFIX3);endfor
                                                  .endgroup
down_dir->begingroup.zsolve.right_dir(z_c)
                                          ;lft(xpart(directionpoint.down.of(...
<forever> ...(nz_-pz_)<=tolerance;if.down_dir(z_b)
                                                  <=0:nz_.else:pz_.fi:=z_b; ...

zsolve->...))<=0:nz_.else:pz_.fi:=(SUFFIX3);endfor
                                                  .endgroup
put_ogonek->...),(1,y_right));zsolve.down_dir(z_b)
                                                  ;x_down':=xpart(lft(direct...
l.196  put_ogonek(the_pen)
                          ;
Maybe Jackowski knows how to change them...

! The direction doesn't occur.
<to be read again> 
                   ;
directionpoint->..."The direction doesn't occur");
                                                  fi.point.a_.of(EXPR3)endgroup
<to be read again> 
                   )
right_dir->...(z_a..controls.z_b.and(EXPR2)..z_d))
                                                  )-y_right.endgroup
<forever> ...nz_-pz_)<=tolerance;if.right_dir(z_c)
                                                  <=0:nz_.else:pz_.fi:=z_c; ...

zsolve->...))<=0:nz_.else:pz_.fi:=(SUFFIX3);endfor
                                                  .endgroup
down_dir->begingroup.zsolve.right_dir(z_c)
                                          ;lft(xpart(directionpoint.down.of(...
<forever> ...(nz_-pz_)<=tolerance;if.down_dir(z_b)
                                                  <=0:nz_.else:pz_.fi:=z_b; ...

zsolve->...))<=0:nz_.else:pz_.fi:=(SUFFIX3);endfor
                                                  .endgroup
put_ogonek->...),(1,y_right));zsolve.down_dir(z_b)
                                                  ;x_down':=xpart(lft(direct...
l.196  put_ogonek(the_pen)
                          ;
Maybe Jackowski knows how to change them...

! The direction doesn't occur.
<to be read again> 
                   ;
directionpoint->..."The direction doesn't occur");
                                                  fi.point.a_.of(EXPR3)endgroup
<to be read again> 
                   )
right_dir->...(z_a..controls.z_b.and(EXPR2)..z_d))
                                                  )-y_right.endgroup
<forever> ...nz_-pz_)<=tolerance;if.right_dir(z_c)
                                                  <=0:nz_.else:pz_.fi:=z_c; ...

zsolve->...))<=0:nz_.else:pz_.fi:=(SUFFIX3);endfor
                                                  .endgroup
down_dir->begingroup.zsolve.right_dir(z_c)
                                          ;lft(xpart(directionpoint.down.of(...
<forever> ...(nz_-pz_)<=tolerance;if.down_dir(z_b)
                                                  <=0:nz_.else:pz_.fi:=z_b; ...

zsolve->...))<=0:nz_.else:pz_.fi:=(SUFFIX3);endfor
                                                  .endgroup
put_ogonek->...),(1,y_right));zsolve.down_dir(z_b)
                                                  ;x_down':=xpart(lft(direct...
l.196  put_ogonek(the_pen)
                          ;
Maybe Jackowski knows how to change them...

! The direction doesn't occur.
<to be read again> 
                   ;
directionpoint->..."The direction doesn't occur");
                                                  fi.point.a_.of(EXPR3)endgroup
<to be read again> 
                   )
right_dir->...(z_a..controls.z_b.and(EXPR2)..z_d))
                                                  )-y_right.endgroup
<forever> ...nz_-pz_)<=tolerance;if.right_dir(z_c)
                                                  <=0:nz_.else:pz_.fi:=z_c; ...

zsolve->...))<=0:nz_.else:pz_.fi:=(SUFFIX3);endfor
                                                  .endgroup
down_dir->begingroup.zsolve.right_dir(z_c)
                                          ;lft(xpart(directionpoint.down.of(...
<forever> ...(nz_-pz_)<=tolerance;if.down_dir(z_b)
                                                  <=0:nz_.else:pz_.fi:=z_b; ...

zsolve->...))<=0:nz_.else:pz_.fi:=(SUFFIX3);endfor
                                                  .endgroup
put_ogonek->...),(1,y_right));zsolve.down_dir(z_b)
                                                  ;x_down':=xpart(lft(direct...
l.196  put_ogonek(the_pen)
                          ;
Maybe Jackowski knows how to change them...

! The direction doesn't occur.
<to be read again> 
                   ;
directionpoint->..."The direction doesn't occur");
                                                  fi.point.a_.of(EXPR3)endgroup
<to be read again> 
                   )
right_dir->...(z_a..controls.z_b.and(EXPR2)..z_d))
                                                  )-y_right.endgroup
<forever> ...nz_-pz_)<=tolerance;if.right_dir(z_c)
                                                  <=0:nz_.else:pz_.fi:=z_c; ...

zsolve->...))<=0:nz_.else:pz_.fi:=(SUFFIX3);endfor
                                                  .endgroup
down_dir->begingroup.zsolve.right_dir(z_c)
                                          ;lft(xpart(directionpoint.down.of(...
<forever> ...(nz_-pz_)<=tolerance;if.down_dir(z_b)
                                                  <=0:nz_.else:pz_.fi:=z_b; ...

zsolve->...))<=0:nz_.else:pz_.fi:=(SUFFIX3);endfor
                                                  .endgroup
put_ogonek->...),(1,y_right));zsolve.down_dir(z_b)
                                                  ;x_down':=xpart(lft(direct...
l.196  put_ogonek(the_pen)
                          ;
Maybe Jackowski knows how to change them...

! The direction doesn't occur.
<to be read again> 
                   ;
directionpoint->..."The direction doesn't occur");
                                                  fi.point.a_.of(EXPR3)endgroup
<to be read again> 
                   )
right_dir->...(z_a..controls.z_b.and(EXPR2)..z_d))
                                                  )-y_right.endgroup
<forever> ...nz_-pz_)<=tolerance;if.right_dir(z_c)
                                                  <=0:nz_.else:pz_.fi:=z_c; ...

zsolve->...))<=0:nz_.else:pz_.fi:=(SUFFIX3);endfor
                                                  .endgroup
down_dir->begingroup.zsolve.right_dir(z_c)
                                          ;lft(xpart(directionpoint.down.of(...
<forever> ...(nz_-pz_)<=tolerance;if.down_dir(z_b)
                                                  <=0:nz_.else:pz_.fi:=z_b; ...

zsolve->...))<=0:nz_.else:pz_.fi:=(SUFFIX3);endfor
                                                  .endgroup
put_ogonek->...),(1,y_right));zsolve.down_dir(z_b)
                                                  ;x_down':=xpart(lft(direct...
l.196  put_ogonek(the_pen)
                          ;
Maybe Jackowski knows how to change them...

! The direction doesn't occur.
<to be read again> 
                   ;
directionpoint->..."The direction doesn't occur");
                                                  fi.point.a_.of(EXPR3)endgroup
<to be read again> 
                   )
down_dir->...of(z_a..controls(EXPR2)and.z_c..z_d))
                                                  )-x_down.endgroup
<forever> ...(nz_-pz_)<=tolerance;if.down_dir(z_b)
                                                  <=0:nz_.else:pz_.fi:=z_b; ...

zsolve->...))<=0:nz_.else:pz_.fi:=(SUFFIX3);endfor
                                                  .endgroup
put_ogonek->...),(1,y_right));zsolve.down_dir(z_b)
                                                  ;x_down':=xpart(lft(direct...
l.196  put_ogonek(the_pen)
                          ;
Maybe Jackowski knows how to change them...

! The direction doesn't occur.
<to be read again> 
                   ;
directionpoint->..."The direction doesn't occur");
                                                  fi.point.a_.of(EXPR3)endgroup
<to be read again> 
                   )
right_dir->...(z_a..controls.z_b.and(EXPR2)..z_d))
                                                  )-y_right.endgroup
<forever> ...nz_-pz_)<=tolerance;if.right_dir(z_c)
                                                  <=0:nz_.else:pz_.fi:=z_c; ...

zsolve->...))<=0:nz_.else:pz_.fi:=(SUFFIX3);endfor
                                                  .endgroup
down_dir->begingroup.zsolve.right_dir(z_c)
                                          ;lft(xpart(directionpoint.down.of(...
<forever> ...(nz_-pz_)<=tolerance;if.down_dir(z_b)
                                                  <=0:nz_.else:pz_.fi:=z_b; ...

zsolve->...))<=0:nz_.else:pz_.fi:=(SUFFIX3);endfor
                                                  .endgroup
put_ogonek->...),(1,y_right));zsolve.down_dir(z_b)
                                                  ;x_down':=xpart(lft(direct...
l.196  put_ogonek(the_pen)
                          ;
Maybe Jackowski knows how to change them...

! The direction doesn't occur.
<to be read again> 
                   ;
directionpoint->..."The direction doesn't occur");
                                                  fi.point.a_.of(EXPR3)endgroup
<to be read again> 
                   )
right_dir->...(z_a..controls.z_b.and(EXPR2)..z_d))
                                                  )-y_right.endgroup
<forever> ...nz_-pz_)<=tolerance;if.right_dir(z_c)
                                                  <=0:nz_.else:pz_.fi:=z_c; ...

zsolve->...))<=0:nz_.else:pz_.fi:=(SUFFIX3);endfor
                                                  .endgroup
down_dir->begingroup.zsolve.right_dir(z_c)
                                          ;lft(xpart(directionpoint.down.of(...
<forever> ...(nz_-pz_)<=tolerance;if.down_dir(z_b)
                                                  <=0:nz_.else:pz_.fi:=z_b; ...

zsolve->...))<=0:nz_.else:pz_.fi:=(SUFFIX3);endfor
                                                  .endgroup
put_ogonek->...),(1,y_right));zsolve.down_dir(z_b)
                                                  ;x_down':=xpart(lft(direct...
l.196  put_ogonek(the_pen)
                          ;
Maybe Jackowski knows how to change them...

! The direction doesn't occur.
<to be read again> 
                   ;
directionpoint->..."The direction doesn't occur");
                                                  fi.point.a_.of(EXPR3)endgroup
<to be read again> 
                   )
right_dir->...(z_a..controls.z_b.and(EXPR2)..z_d))
                                                  )-y_right.endgroup
<forever> ...nz_-pz_)<=tolerance;if.right_dir(z_c)
                                                  <=0:nz_.else:pz_.fi:=z_c; ...

zsolve->...))<=0:nz_.else:pz_.fi:=(SUFFIX3);endfor
                                                  .endgroup
down_dir->begingroup.zsolve.right_dir(z_c)
                                          ;lft(xpart(directionpoint.down.of(...
<forever> ...(nz_-pz_)<=tolerance;if.down_dir(z_b)
                                                  <=0:nz_.else:pz_.fi:=z_b; ...

zsolve->...))<=0:nz_.else:pz_.fi:=(SUFFIX3);endfor
                                                  .endgroup
put_ogonek->...),(1,y_right));zsolve.down_dir(z_b)
                                                  ;x_down':=xpart(lft(direct...
l.196  put_ogonek(the_pen)
                          ;
Maybe Jackowski knows how to change them...

! The direction doesn't occur.
<to be read again> 
                   ;
directionpoint->..."The direction doesn't occur");
                                                  fi.point.a_.of(EXPR3)endgroup
<to be read again> 
                   )
right_dir->...(z_a..controls.z_b.and(EXPR2)..z_d))
                                                  )-y_right.endgroup
<forever> ...nz_-pz_)<=tolerance;if.right_dir(z_c)
                                                  <=0:nz_.else:pz_.fi:=z_c; ...

zsolve->...))<=0:nz_.else:pz_.fi:=(SUFFIX3);endfor
                                                  .endgroup
down_dir->begingroup.zsolve.right_dir(z_c)
                                          ;lft(xpart(directionpoint.down.of(...
<forever> ...(nz_-pz_)<=tolerance;if.down_dir(z_b)
                                                  <=0:nz_.else:pz_.fi:=z_b; ...

zsolve->...))<=0:nz_.else:pz_.fi:=(SUFFIX3);endfor
                                                  .endgroup
put_ogonek->...),(1,y_right));zsolve.down_dir(z_b)
                                                  ;x_down':=xpart(lft(direct...
l.196  put_ogonek(the_pen)
                          ;
Maybe Jackowski knows how to change them...

! The direction doesn't occur.
<to be read again> 
                   ;
directionpoint->..."The direction doesn't occur");
                                                  fi.point.a_.of(EXPR3)endgroup
<to be read again> 
                   )
right_dir->...(z_a..controls.z_b.and(EXPR2)..z_d))
                                                  )-y_right.endgroup
<forever> ...nz_-pz_)<=tolerance;if.right_dir(z_c)
                                                  <=0:nz_.else:pz_.fi:=z_c; ...

zsolve->...))<=0:nz_.else:pz_.fi:=(SUFFIX3);endfor
                                                  .endgroup
down_dir->begingroup.zsolve.right_dir(z_c)
                                          ;lft(xpart(directionpoint.down.of(...
<forever> ...(nz_-pz_)<=tolerance;if.down_dir(z_b)
                                                  <=0:nz_.else:pz_.fi:=z_b; ...

zsolve->...))<=0:nz_.else:pz_.fi:=(SUFFIX3);endfor
                                                  .endgroup
put_ogonek->...),(1,y_right));zsolve.down_dir(z_b)
                                                  ;x_down':=xpart(lft(direct...
l.196  put_ogonek(the_pen)
                          ;
Maybe Jackowski knows how to change them...

! The direction doesn't occur.
<to be read again> 
                   ;
directionpoint->..."The direction doesn't occur");
                                                  fi.point.a_.of(EXPR3)endgroup
<to be read again> 
                   )
right_dir->...(z_a..controls.z_b.and(EXPR2)..z_d))
                                                  )-y_right.endgroup
<forever> ...nz_-pz_)<=tolerance;if.right_dir(z_c)
                                                  <=0:nz_.else:pz_.fi:=z_c; ...

zsolve->...))<=0:nz_.else:pz_.fi:=(SUFFIX3);endfor
                                                  .endgroup
down_dir->begingroup.zsolve.right_dir(z_c)
                                          ;lft(xpart(directionpoint.down.of(...
<forever> ...(nz_-pz_)<=tolerance;if.down_dir(z_b)
                                                  <=0:nz_.else:pz_.fi:=z_b; ...

zsolve->...))<=0:nz_.else:pz_.fi:=(SUFFIX3);endfor
                                                  .endgroup
put_ogonek->...),(1,y_right));zsolve.down_dir(z_b)
                                                  ;x_down':=xpart(lft(direct...
l.196  put_ogonek(the_pen)
                          ;
Maybe Jackowski knows how to change them...

! The direction doesn't occur.
<to be read again> 
                   ;
directionpoint->..."The direction doesn't occur");
                                                  fi.point.a_.of(EXPR3)endgroup
<to be read again> 
                   )
right_dir->...(z_a..controls.z_b.and(EXPR2)..z_d))
                                                  )-y_right.endgroup
<forever> ...nz_-pz_)<=tolerance;if.right_dir(z_c)
                                                  <=0:nz_.else:pz_.fi:=z_c; ...

zsolve->...))<=0:nz_.else:pz_.fi:=(SUFFIX3);endfor
                                                  .endgroup
down_dir->begingroup.zsolve.right_dir(z_c)
                                          ;lft(xpart(directionpoint.down.of(...
<forever> ...(nz_-pz_)<=tolerance;if.down_dir(z_b)
                                                  <=0:nz_.else:pz_.fi:=z_b; ...

zsolve->...))<=0:nz_.else:pz_.fi:=(SUFFIX3);endfor
                                                  .endgroup
put_ogonek->...),(1,y_right));zsolve.down_dir(z_b)
                                                  ;x_down':=xpart(lft(direct...
l.196  put_ogonek(the_pen)
                          ;
Maybe Jackowski knows how to change them...

! The direction doesn't occur.
<to be read again> 
                   ;
directionpoint->..."The direction doesn't occur");
                                                  fi.point.a_.of(EXPR3)endgroup
<to be read again> 
                   )
right_dir->...(z_a..controls.z_b.and(EXPR2)..z_d))
                                                  )-y_right.endgroup
<forever> ...nz_-pz_)<=tolerance;if.right_dir(z_c)
                                                  <=0:nz_.else:pz_.fi:=z_c; ...

zsolve->...))<=0:nz_.else:pz_.fi:=(SUFFIX3);endfor
                                                  .endgroup
down_dir->begingroup.zsolve.right_dir(z_c)
                                          ;lft(xpart(directionpoint.down.of(...
<forever> ...(nz_-pz_)<=tolerance;if.down_dir(z_b)
                                                  <=0:nz_.else:pz_.fi:=z_b; ...

zsolve->...))<=0:nz_.else:pz_.fi:=(SUFFIX3);endfor
                                                  .endgroup
put_ogonek->...),(1,y_right));zsolve.down_dir(z_b)
                                                  ;x_down':=xpart(lft(direct...
l.196  put_ogonek(the_pen)
                          ;
Maybe Jackowski knows how to change them...

! The direction doesn't occur.
<to be read again> 
                   ;
directionpoint->..."The direction doesn't occur");
                                                  fi.point.a_.of(EXPR3)endgroup
<to be read again> 
                   )
down_dir->...of(z_a..controls(EXPR2)and.z_c..z_d))
                                                  )-x_down.endgroup
<forever> ...(nz_-pz_)<=tolerance;if.down_dir(z_b)
                                                  <=0:nz_.else:pz_.fi:=z_b; ...

zsolve->...))<=0:nz_.else:pz_.fi:=(SUFFIX3);endfor
                                                  .endgroup
put_ogonek->...),(1,y_right));zsolve.down_dir(z_b)
                                                  ;x_down':=xpart(lft(direct...
l.196  put_ogonek(the_pen)
                          ;
Maybe Jackowski knows how to change them...

! The direction doesn't occur.
<to be read again> 
                   ;
directionpoint->..."The direction doesn't occur");
                                                  fi.point.a_.of(EXPR3)endgroup
<to be read again> 
                   )
right_dir->...(z_a..controls.z_b.and(EXPR2)..z_d))
                                                  )-y_right.endgroup
<forever> ...nz_-pz_)<=tolerance;if.right_dir(z_c)
                                                  <=0:nz_.else:pz_.fi:=z_c; ...

zsolve->...))<=0:nz_.else:pz_.fi:=(SUFFIX3);endfor
                                                  .endgroup
down_dir->begingroup.zsolve.right_dir(z_c)
                                          ;lft(xpart(directionpoint.down.of(...
<forever> ...(nz_-pz_)<=tolerance;if.down_dir(z_b)
                                                  <=0:nz_.else:pz_.fi:=z_b; ...

zsolve->...))<=0:nz_.else:pz_.fi:=(SUFFIX3);endfor
                                                  .endgroup
put_ogonek->...),(1,y_right));zsolve.down_dir(z_b)
                                                  ;x_down':=xpart(lft(direct...
l.196  put_ogonek(the_pen)
                          ;
Maybe Jackowski knows how to change them...

! The direction doesn't occur.
<to be read again> 
                   ;
directionpoint->..."The direction doesn't occur");
                                                  fi.point.a_.of(EXPR3)endgroup
<to be read again> 
                   )
right_dir->...(z_a..controls.z_b.and(EXPR2)..z_d))
                                                  )-y_right.endgroup
<forever> ...nz_-pz_)<=tolerance;if.right_dir(z_c)
                                                  <=0:nz_.else:pz_.fi:=z_c; ...

zsolve->...))<=0:nz_.else:pz_.fi:=(SUFFIX3);endfor
                                                  .endgroup
down_dir->begingroup.zsolve.right_dir(z_c)
                                          ;lft(xpart(directionpoint.down.of(...
<forever> ...(nz_-pz_)<=tolerance;if.down_dir(z_b)
                                                  <=0:nz_.else:pz_.fi:=z_b; ...

zsolve->...))<=0:nz_.else:pz_.fi:=(SUFFIX3);endfor
                                                  .endgroup
put_ogonek->...),(1,y_right));zsolve.down_dir(z_b)
                                                  ;x_down':=xpart(lft(direct...
l.196  put_ogonek(the_pen)
                          ;
Maybe Jackowski knows how to change them...

! The direction doesn't occur.
<to be read again> 
                   ;
directionpoint->..."The direction doesn't occur");
                                                  fi.point.a_.of(EXPR3)endgroup
<to be read again> 
                   )
right_dir->...(z_a..controls.z_b.and(EXPR2)..z_d))
                                                  )-y_right.endgroup
<forever> ...nz_-pz_)<=tolerance;if.right_dir(z_c)
                                                  <=0:nz_.else:pz_.fi:=z_c; ...

zsolve->...))<=0:nz_.else:pz_.fi:=(SUFFIX3);endfor
                                                  .endgroup
down_dir->begingroup.zsolve.right_dir(z_c)
                                          ;lft(xpart(directionpoint.down.of(...
<forever> ...(nz_-pz_)<=tolerance;if.down_dir(z_b)
                                                  <=0:nz_.else:pz_.fi:=z_b; ...

zsolve->...))<=0:nz_.else:pz_.fi:=(SUFFIX3);endfor
                                                  .endgroup
put_ogonek->...),(1,y_right));zsolve.down_dir(z_b)
                                                  ;x_down':=xpart(lft(direct...
l.196  put_ogonek(the_pen)
                          ;
Maybe Jackowski knows how to change them...

! The direction doesn't occur.
<to be read again> 
                   ;
directionpoint->..."The direction doesn't occur");
                                                  fi.point.a_.of(EXPR3)endgroup
<to be read again> 
                   )
right_dir->...(z_a..controls.z_b.and(EXPR2)..z_d))
                                                  )-y_right.endgroup
<forever> ...nz_-pz_)<=tolerance;if.right_dir(z_c)
                                                  <=0:nz_.else:pz_.fi:=z_c; ...

zsolve->...))<=0:nz_.else:pz_.fi:=(SUFFIX3);endfor
                                                  .endgroup
down_dir->begingroup.zsolve.right_dir(z_c)
                                          ;lft(xpart(directionpoint.down.of(...
<forever> ...(nz_-pz_)<=tolerance;if.down_dir(z_b)
                                                  <=0:nz_.else:pz_.fi:=z_b; ...

zsolve->...))<=0:nz_.else:pz_.fi:=(SUFFIX3);endfor
                                                  .endgroup
put_ogonek->...),(1,y_right));zsolve.down_dir(z_b)
                                                  ;x_down':=xpart(lft(direct...
l.196  put_ogonek(the_pen)
                          ;
Maybe Jackowski knows how to change them...

! The direction doesn't occur.
<to be read again> 
                   ;
directionpoint->..."The direction doesn't occur");
                                                  fi.point.a_.of(EXPR3)endgroup
<to be read again> 
                   )
right_dir->...(z_a..controls.z_b.and(EXPR2)..z_d))
                                                  )-y_right.endgroup
<forever> ...nz_-pz_)<=tolerance;if.right_dir(z_c)
                                                  <=0:nz_.else:pz_.fi:=z_c; ...

zsolve->...))<=0:nz_.else:pz_.fi:=(SUFFIX3);endfor
                                                  .endgroup
down_dir->begingroup.zsolve.right_dir(z_c)
                                          ;lft(xpart(directionpoint.down.of(...
<forever> ...(nz_-pz_)<=tolerance;if.down_dir(z_b)
                                                  <=0:nz_.else:pz_.fi:=z_b; ...

zsolve->...))<=0:nz_.else:pz_.fi:=(SUFFIX3);endfor
                                                  .endgroup
put_ogonek->...),(1,y_right));zsolve.down_dir(z_b)
                                                  ;x_down':=xpart(lft(direct...
l.196  put_ogonek(the_pen)
                          ;
Maybe Jackowski knows how to change them...

! The direction doesn't occur.
<to be read again> 
                   ;
directionpoint->..."The direction doesn't occur");
                                                  fi.point.a_.of(EXPR3)endgroup
<to be read again> 
                   )
right_dir->...(z_a..controls.z_b.and(EXPR2)..z_d))
                                                  )-y_right.endgroup
<forever> ...nz_-pz_)<=tolerance;if.right_dir(z_c)
                                                  <=0:nz_.else:pz_.fi:=z_c; ...

zsolve->...))<=0:nz_.else:pz_.fi:=(SUFFIX3);endfor
                                                  .endgroup
down_dir->begingroup.zsolve.right_dir(z_c)
                                          ;lft(xpart(directionpoint.down.of(...
<forever> ...(nz_-pz_)<=tolerance;if.down_dir(z_b)
                                                  <=0:nz_.else:pz_.fi:=z_b; ...

zsolve->...))<=0:nz_.else:pz_.fi:=(SUFFIX3);endfor
                                                  .endgroup
put_ogonek->...),(1,y_right));zsolve.down_dir(z_b)
                                                  ;x_down':=xpart(lft(direct...
l.196  put_ogonek(the_pen)
                          ;
Maybe Jackowski knows how to change them...

! The direction doesn't occur.
<to be read again> 
                   ;
directionpoint->..."The direction doesn't occur");
                                                  fi.point.a_.of(EXPR3)endgroup
<to be read again> 
                   )
right_dir->...(z_a..controls.z_b.and(EXPR2)..z_d))
                                                  )-y_right.endgroup
<forever> ...nz_-pz_)<=tolerance;if.right_dir(z_c)
                                                  <=0:nz_.else:pz_.fi:=z_c; ...

zsolve->...))<=0:nz_.else:pz_.fi:=(SUFFIX3);endfor
                                                  .endgroup
down_dir->begingroup.zsolve.right_dir(z_c)
                                          ;lft(xpart(directionpoint.down.of(...
<forever> ...(nz_-pz_)<=tolerance;if.down_dir(z_b)
                                                  <=0:nz_.else:pz_.fi:=z_b; ...

zsolve->...))<=0:nz_.else:pz_.fi:=(SUFFIX3);endfor
                                                  .endgroup
put_ogonek->...),(1,y_right));zsolve.down_dir(z_b)
                                                  ;x_down':=xpart(lft(direct...
l.196  put_ogonek(the_pen)
                          ;
Maybe Jackowski knows how to change them...

! The direction doesn't occur.
<to be read again> 
                   ;
directionpoint->..."The direction doesn't occur");
                                                  fi.point.a_.of(EXPR3)endgroup
<to be read again> 
                   )
right_dir->...(z_a..controls.z_b.and(EXPR2)..z_d))
                                                  )-y_right.endgroup
<forever> ...nz_-pz_)<=tolerance;if.right_dir(z_c)
                                                  <=0:nz_.else:pz_.fi:=z_c; ...

zsolve->...))<=0:nz_.else:pz_.fi:=(SUFFIX3);endfor
                                                  .endgroup
down_dir->begingroup.zsolve.right_dir(z_c)
                                          ;lft(xpart(directionpoint.down.of(...
<forever> ...(nz_-pz_)<=tolerance;if.down_dir(z_b)
                                                  <=0:nz_.else:pz_.fi:=z_b; ...

zsolve->...))<=0:nz_.else:pz_.fi:=(SUFFIX3);endfor
                                                  .endgroup
put_ogonek->...),(1,y_right));zsolve.down_dir(z_b)
                                                  ;x_down':=xpart(lft(direct...
l.196  put_ogonek(the_pen)
                          ;
Maybe Jackowski knows how to change them...

! The direction doesn't occur.
<to be read again> 
                   ;
directionpoint->..."The direction doesn't occur");
                                                  fi.point.a_.of(EXPR3)endgroup
<to be read again> 
                   )
down_dir->...of(z_a..controls(EXPR2)and.z_c..z_d))
                                                  )-x_down.endgroup
<forever> ...(nz_-pz_)<=tolerance;if.down_dir(z_b)
                                                  <=0:nz_.else:pz_.fi:=z_b; ...

zsolve->...))<=0:nz_.else:pz_.fi:=(SUFFIX3);endfor
                                                  .endgroup
put_ogonek->...),(1,y_right));zsolve.down_dir(z_b)
                                                  ;x_down':=xpart(lft(direct...
l.196  put_ogonek(the_pen)
                          ;
Maybe Jackowski knows how to change them...

! The direction doesn't occur.
<to be read again> 
                   ;
directionpoint->..."The direction doesn't occur");
                                                  fi.point.a_.of(EXPR3)endgroup
<to be read again> 
                   )
right_dir->...(z_a..controls.z_b.and(EXPR2)..z_d))
                                                  )-y_right.endgroup
<forever> ...nz_-pz_)<=tolerance;if.right_dir(z_c)
                                                  <=0:nz_.else:pz_.fi:=z_c; ...

zsolve->...))<=0:nz_.else:pz_.fi:=(SUFFIX3);endfor
                                                  .endgroup
down_dir->begingroup.zsolve.right_dir(z_c)
                                          ;lft(xpart(directionpoint.down.of(...
<forever> ...(nz_-pz_)<=tolerance;if.down_dir(z_b)
                                                  <=0:nz_.else:pz_.fi:=z_b; ...

zsolve->...))<=0:nz_.else:pz_.fi:=(SUFFIX3);endfor
                                                  .endgroup
put_ogonek->...),(1,y_right));zsolve.down_dir(z_b)
                                                  ;x_down':=xpart(lft(direct...
l.196  put_ogonek(the_pen)
                          ;
Maybe Jackowski knows how to change them...

! The direction doesn't occur.
<to be read again> 
                   ;
directionpoint->..."The direction doesn't occur");
                                                  fi.point.a_.of(EXPR3)endgroup
<to be read again> 
                   )
right_dir->...(z_a..controls.z_b.and(EXPR2)..z_d))
                                                  )-y_right.endgroup
<forever> ...nz_-pz_)<=tolerance;if.right_dir(z_c)
                                                  <=0:nz_.else:pz_.fi:=z_c; ...

zsolve->...))<=0:nz_.else:pz_.fi:=(SUFFIX3);endfor
                                                  .endgroup
down_dir->begingroup.zsolve.right_dir(z_c)
                                          ;lft(xpart(directionpoint.down.of(...
<forever> ...(nz_-pz_)<=tolerance;if.down_dir(z_b)
                                                  <=0:nz_.else:pz_.fi:=z_b; ...

zsolve->...))<=0:nz_.else:pz_.fi:=(SUFFIX3);endfor
                                                  .endgroup
put_ogonek->...),(1,y_right));zsolve.down_dir(z_b)
                                                  ;x_down':=xpart(lft(direct...
l.196  put_ogonek(the_pen)
                          ;
Maybe Jackowski knows how to change them...

! The direction doesn't occur.
<to be read again> 
                   ;
directionpoint->..."The direction doesn't occur");
                                                  fi.point.a_.of(EXPR3)endgroup
<to be read again> 
                   )
right_dir->...(z_a..controls.z_b.and(EXPR2)..z_d))
                                                  )-y_right.endgroup
<forever> ...nz_-pz_)<=tolerance;if.right_dir(z_c)
                                                  <=0:nz_.else:pz_.fi:=z_c; ...

zsolve->...))<=0:nz_.else:pz_.fi:=(SUFFIX3);endfor
                                                  .endgroup
down_dir->begingroup.zsolve.right_dir(z_c)
                                          ;lft(xpart(directionpoint.down.of(...
<forever> ...(nz_-pz_)<=tolerance;if.down_dir(z_b)
                                                  <=0:nz_.else:pz_.fi:=z_b; ...

zsolve->...))<=0:nz_.else:pz_.fi:=(SUFFIX3);endfor
                                                  .endgroup
put_ogonek->...),(1,y_right));zsolve.down_dir(z_b)
                                                  ;x_down':=xpart(lft(direct...
l.196  put_ogonek(the_pen)
                          ;
Maybe Jackowski knows how to change them...

! The direction doesn't occur.
<to be read again> 
                   ;
directionpoint->..."The direction doesn't occur");
                                                  fi.point.a_.of(EXPR3)endgroup
<to be read again> 
                   )
right_dir->...(z_a..controls.z_b.and(EXPR2)..z_d))
                                                  )-y_right.endgroup
<forever> ...nz_-pz_)<=tolerance;if.right_dir(z_c)
                                                  <=0:nz_.else:pz_.fi:=z_c; ...

zsolve->...))<=0:nz_.else:pz_.fi:=(SUFFIX3);endfor
                                                  .endgroup
down_dir->begingroup.zsolve.right_dir(z_c)
                                          ;lft(xpart(directionpoint.down.of(...
<forever> ...(nz_-pz_)<=tolerance;if.down_dir(z_b)
                                                  <=0:nz_.else:pz_.fi:=z_b; ...

zsolve->...))<=0:nz_.else:pz_.fi:=(SUFFIX3);endfor
                                                  .endgroup
put_ogonek->...),(1,y_right));zsolve.down_dir(z_b)
                                                  ;x_down':=xpart(lft(direct...
l.196  put_ogonek(the_pen)
                          ;
Maybe Jackowski knows how to change them...

! The direction doesn't occur.
<to be read again> 
                   ;
directionpoint->..."The direction doesn't occur");
                                                  fi.point.a_.of(EXPR3)endgroup
<to be read again> 
                   )
right_dir->...(z_a..controls.z_b.and(EXPR2)..z_d))
                                                  )-y_right.endgroup
<forever> ...nz_-pz_)<=tolerance;if.right_dir(z_c)
                                                  <=0:nz_.else:pz_.fi:=z_c; ...

zsolve->...))<=0:nz_.else:pz_.fi:=(SUFFIX3);endfor
                                                  .endgroup
down_dir->begingroup.zsolve.right_dir(z_c)
                                          ;lft(xpart(directionpoint.down.of(...
<forever> ...(nz_-pz_)<=tolerance;if.down_dir(z_b)
                                                  <=0:nz_.else:pz_.fi:=z_b; ...

zsolve->...))<=0:nz_.else:pz_.fi:=(SUFFIX3);endfor
                                                  .endgroup
put_ogonek->...),(1,y_right));zsolve.down_dir(z_b)
                                                  ;x_down':=xpart(lft(direct...
l.196  put_ogonek(the_pen)
                          ;
Maybe Jackowski knows how to change them...

! The direction doesn't occur.
<to be read again> 
                   ;
directionpoint->..."The direction doesn't occur");
                                                  fi.point.a_.of(EXPR3)endgroup
<to be read again> 
                   )
right_dir->...(z_a..controls.z_b.and(EXPR2)..z_d))
                                                  )-y_right.endgroup
<forever> ...nz_-pz_)<=tolerance;if.right_dir(z_c)
                                                  <=0:nz_.else:pz_.fi:=z_c; ...

zsolve->...))<=0:nz_.else:pz_.fi:=(SUFFIX3);endfor
                                                  .endgroup
down_dir->begingroup.zsolve.right_dir(z_c)
                                          ;lft(xpart(directionpoint.down.of(...
<forever> ...(nz_-pz_)<=tolerance;if.down_dir(z_b)
                                                  <=0:nz_.else:pz_.fi:=z_b; ...

zsolve->...))<=0:nz_.else:pz_.fi:=(SUFFIX3);endfor
                                                  .endgroup
put_ogonek->...),(1,y_right));zsolve.down_dir(z_b)
                                                  ;x_down':=xpart(lft(direct...
l.196  put_ogonek(the_pen)
                          ;
Maybe Jackowski knows how to change them...

! The direction doesn't occur.
<to be read again> 
                   ;
directionpoint->..."The direction doesn't occur");
                                                  fi.point.a_.of(EXPR3)endgroup
<to be read again> 
                   )
right_dir->...(z_a..controls.z_b.and(EXPR2)..z_d))
                                                  )-y_right.endgroup
<forever> ...nz_-pz_)<=tolerance;if.right_dir(z_c)
                                                  <=0:nz_.else:pz_.fi:=z_c; ...

zsolve->...))<=0:nz_.else:pz_.fi:=(SUFFIX3);endfor
                                                  .endgroup
down_dir->begingroup.zsolve.right_dir(z_c)
                                          ;lft(xpart(directionpoint.down.of(...
<forever> ...(nz_-pz_)<=tolerance;if.down_dir(z_b)
                                                  <=0:nz_.else:pz_.fi:=z_b; ...

zsolve->...))<=0:nz_.else:pz_.fi:=(SUFFIX3);endfor
                                                  .endgroup
put_ogonek->...),(1,y_right));zsolve.down_dir(z_b)
                                                  ;x_down':=xpart(lft(direct...
l.196  put_ogonek(the_pen)
                          ;
Maybe Jackowski knows how to change them...

! The direction doesn't occur.
<to be read again> 
                   ;
directionpoint->..."The direction doesn't occur");
                                                  fi.point.a_.of(EXPR3)endgroup
<to be read again> 
                   )
right_dir->...(z_a..controls.z_b.and(EXPR2)..z_d))
                                                  )-y_right.endgroup
<forever> ...nz_-pz_)<=tolerance;if.right_dir(z_c)
                                                  <=0:nz_.else:pz_.fi:=z_c; ...

zsolve->...))<=0:nz_.else:pz_.fi:=(SUFFIX3);endfor
                                                  .endgroup
down_dir->begingroup.zsolve.right_dir(z_c)
                                          ;lft(xpart(directionpoint.down.of(...
<forever> ...(nz_-pz_)<=tolerance;if.down_dir(z_b)
                                                  <=0:nz_.else:pz_.fi:=z_b; ...

zsolve->...))<=0:nz_.else:pz_.fi:=(SUFFIX3);endfor
                                                  .endgroup
put_ogonek->...),(1,y_right));zsolve.down_dir(z_b)
                                                  ;x_down':=xpart(lft(direct...
l.196  put_ogonek(the_pen)
                          ;
Maybe Jackowski knows how to change them...

! The direction doesn't occur.
<to be read again> 
                   ;
directionpoint->..."The direction doesn't occur");
                                                  fi.point.a_.of(EXPR3)endgroup
<to be read again> 
                   )
down_dir->...of(z_a..controls(EXPR2)and.z_c..z_d))
                                                  )-x_down.endgroup
<forever> ...(nz_-pz_)<=tolerance;if.down_dir(z_b)
                                                  <=0:nz_.else:pz_.fi:=z_b; ...

zsolve->...))<=0:nz_.else:pz_.fi:=(SUFFIX3);endfor
                                                  .endgroup
put_ogonek->...),(1,y_right));zsolve.down_dir(z_b)
                                                  ;x_down':=xpart(lft(direct...
l.196  put_ogonek(the_pen)
                          ;
Maybe Jackowski knows how to change them...

! The direction doesn't occur.
<to be read again> 
                   ;
directionpoint->..."The direction doesn't occur");
                                                  fi.point.a_.of(EXPR3)endgroup
<to be read again> 
                   )
right_dir->...(z_a..controls.z_b.and(EXPR2)..z_d))
                                                  )-y_right.endgroup
<forever> ...nz_-pz_)<=tolerance;if.right_dir(z_c)
                                                  <=0:nz_.else:pz_.fi:=z_c; ...

zsolve->...))<=0:nz_.else:pz_.fi:=(SUFFIX3);endfor
                                                  .endgroup
down_dir->begingroup.zsolve.right_dir(z_c)
                                          ;lft(xpart(directionpoint.down.of(...
<forever> ...(nz_-pz_)<=tolerance;if.down_dir(z_b)
                                                  <=0:nz_.else:pz_.fi:=z_b; ...

zsolve->...))<=0:nz_.else:pz_.fi:=(SUFFIX3);endfor
                                                  .endgroup
put_ogonek->...),(1,y_right));zsolve.down_dir(z_b)
                                                  ;x_down':=xpart(lft(direct...
l.196  put_ogonek(the_pen)
                          ;
Maybe Jackowski knows how to change them...

! The direction doesn't occur.
<to be read again> 
                   ;
directionpoint->..."The direction doesn't occur");
                                                  fi.point.a_.of(EXPR3)endgroup
<to be read again> 
                   )
right_dir->...(z_a..controls.z_b.and(EXPR2)..z_d))
                                                  )-y_right.endgroup
<forever> ...nz_-pz_)<=tolerance;if.right_dir(z_c)
                                                  <=0:nz_.else:pz_.fi:=z_c; ...

zsolve->...))<=0:nz_.else:pz_.fi:=(SUFFIX3);endfor
                                                  .endgroup
down_dir->begingroup.zsolve.right_dir(z_c)
                                          ;lft(xpart(directionpoint.down.of(...
<forever> ...(nz_-pz_)<=tolerance;if.down_dir(z_b)
                                                  <=0:nz_.else:pz_.fi:=z_b; ...

zsolve->...))<=0:nz_.else:pz_.fi:=(SUFFIX3);endfor
                                                  .endgroup
put_ogonek->...),(1,y_right));zsolve.down_dir(z_b)
                                                  ;x_down':=xpart(lft(direct...
l.196  put_ogonek(the_pen)
                          ;
Maybe Jackowski knows how to change them...

! The direction doesn't occur.
<to be read again> 
                   ;
directionpoint->..."The direction doesn't occur");
                                                  fi.point.a_.of(EXPR3)endgroup
<to be read again> 
                   )
right_dir->...(z_a..controls.z_b.and(EXPR2)..z_d))
                                                  )-y_right.endgroup
<forever> ...nz_-pz_)<=tolerance;if.right_dir(z_c)
                                                  <=0:nz_.else:pz_.fi:=z_c; ...

zsolve->...))<=0:nz_.else:pz_.fi:=(SUFFIX3);endfor
                                                  .endgroup
down_dir->begingroup.zsolve.right_dir(z_c)
                                          ;lft(xpart(directionpoint.down.of(...
<forever> ...(nz_-pz_)<=tolerance;if.down_dir(z_b)
                                                  <=0:nz_.else:pz_.fi:=z_b; ...

zsolve->...))<=0:nz_.else:pz_.fi:=(SUFFIX3);endfor
                                                  .endgroup
put_ogonek->...),(1,y_right));zsolve.down_dir(z_b)
                                                  ;x_down':=xpart(lft(direct...
l.196  put_ogonek(the_pen)
                          ;
Maybe Jackowski knows how to change them...

! The direction doesn't occur.
<to be read again> 
                   ;
directionpoint->..."The direction doesn't occur");
                                                  fi.point.a_.of(EXPR3)endgroup
<to be read again> 
                   )
right_dir->...(z_a..controls.z_b.and(EXPR2)..z_d))
                                                  )-y_right.endgroup
<forever> ...nz_-pz_)<=tolerance;if.right_dir(z_c)
                                                  <=0:nz_.else:pz_.fi:=z_c; ...

zsolve->...))<=0:nz_.else:pz_.fi:=(SUFFIX3);endfor
                                                  .endgroup
down_dir->begingroup.zsolve.right_dir(z_c)
                                          ;lft(xpart(directionpoint.down.of(...
<forever> ...(nz_-pz_)<=tolerance;if.down_dir(z_b)
                                                  <=0:nz_.else:pz_.fi:=z_b; ...

zsolve->...))<=0:nz_.else:pz_.fi:=(SUFFIX3);endfor
                                                  .endgroup
put_ogonek->...),(1,y_right));zsolve.down_dir(z_b)
                                                  ;x_down':=xpart(lft(direct...
l.196  put_ogonek(the_pen)
                          ;
Maybe Jackowski knows how to change them...

! The direction doesn't occur.
<to be read again> 
                   ;
directionpoint->..."The direction doesn't occur");
                                                  fi.point.a_.of(EXPR3)endgroup
<to be read again> 
                   )
right_dir->...(z_a..controls.z_b.and(EXPR2)..z_d))
                                                  )-y_right.endgroup
<forever> ...nz_-pz_)<=tolerance;if.right_dir(z_c)
                                                  <=0:nz_.else:pz_.fi:=z_c; ...

zsolve->...))<=0:nz_.else:pz_.fi:=(SUFFIX3);endfor
                                                  .endgroup
down_dir->begingroup.zsolve.right_dir(z_c)
                                          ;lft(xpart(directionpoint.down.of(...
<forever> ...(nz_-pz_)<=tolerance;if.down_dir(z_b)
                                                  <=0:nz_.else:pz_.fi:=z_b; ...

zsolve->...))<=0:nz_.else:pz_.fi:=(SUFFIX3);endfor
                                                  .endgroup
put_ogonek->...),(1,y_right));zsolve.down_dir(z_b)
                                                  ;x_down':=xpart(lft(direct...
l.196  put_ogonek(the_pen)
                          ;
Maybe Jackowski knows how to change them...

! The direction doesn't occur.
<to be read again> 
                   ;
directionpoint->..."The direction doesn't occur");
                                                  fi.point.a_.of(EXPR3)endgroup
<to be read again> 
                   )
right_dir->...(z_a..controls.z_b.and(EXPR2)..z_d))
                                                  )-y_right.endgroup
<forever> ...nz_-pz_)<=tolerance;if.right_dir(z_c)
                                                  <=0:nz_.else:pz_.fi:=z_c; ...

zsolve->...))<=0:nz_.else:pz_.fi:=(SUFFIX3);endfor
                                                  .endgroup
down_dir->begingroup.zsolve.right_dir(z_c)
                                          ;lft(xpart(directionpoint.down.of(...
<forever> ...(nz_-pz_)<=tolerance;if.down_dir(z_b)
                                                  <=0:nz_.else:pz_.fi:=z_b; ...

zsolve->...))<=0:nz_.else:pz_.fi:=(SUFFIX3);endfor
                                                  .endgroup
put_ogonek->...),(1,y_right));zsolve.down_dir(z_b)
                                                  ;x_down':=xpart(lft(direct...
l.196  put_ogonek(the_pen)
                          ;
Maybe Jackowski knows how to change them...

! The direction doesn't occur.
<to be read again> 
                   ;
directionpoint->..."The direction doesn't occur");
                                                  fi.point.a_.of(EXPR3)endgroup
<to be read again> 
                   )
right_dir->...(z_a..controls.z_b.and(EXPR2)..z_d))
                                                  )-y_right.endgroup
<forever> ...nz_-pz_)<=tolerance;if.right_dir(z_c)
                                                  <=0:nz_.else:pz_.fi:=z_c; ...

zsolve->...))<=0:nz_.else:pz_.fi:=(SUFFIX3);endfor
                                                  .endgroup
down_dir->begingroup.zsolve.right_dir(z_c)
                                          ;lft(xpart(directionpoint.down.of(...
<forever> ...(nz_-pz_)<=tolerance;if.down_dir(z_b)
                                                  <=0:nz_.else:pz_.fi:=z_b; ...

zsolve->...))<=0:nz_.else:pz_.fi:=(SUFFIX3);endfor
                                                  .endgroup
put_ogonek->...),(1,y_right));zsolve.down_dir(z_b)
                                                  ;x_down':=xpart(lft(direct...
l.196  put_ogonek(the_pen)
                          ;
Maybe Jackowski knows how to change them...

! The direction doesn't occur.
<to be read again> 
                   ;
directionpoint->..."The direction doesn't occur");
                                                  fi.point.a_.of(EXPR3)endgroup
<to be read again> 
                   )
right_dir->...(z_a..controls.z_b.and(EXPR2)..z_d))
                                                  )-y_right.endgroup
<forever> ...nz_-pz_)<=tolerance;if.right_dir(z_c)
                                                  <=0:nz_.else:pz_.fi:=z_c; ...

zsolve->...))<=0:nz_.else:pz_.fi:=(SUFFIX3);endfor
                                                  .endgroup
down_dir->begingroup.zsolve.right_dir(z_c)
                                          ;lft(xpart(directionpoint.down.of(...
<forever> ...(nz_-pz_)<=tolerance;if.down_dir(z_b)
                                                  <=0:nz_.else:pz_.fi:=z_b; ...

zsolve->...))<=0:nz_.else:pz_.fi:=(SUFFIX3);endfor
                                                  .endgroup
put_ogonek->...),(1,y_right));zsolve.down_dir(z_b)
                                                  ;x_down':=xpart(lft(direct...
l.196  put_ogonek(the_pen)
                          ;
Maybe Jackowski knows how to change them...

! The direction doesn't occur.
<to be read again> 
                   ;
directionpoint->..."The direction doesn't occur");
                                                  fi.point.a_.of(EXPR3)endgroup
<to be read again> 
                   )
down_dir->...of(z_a..controls(EXPR2)and.z_c..z_d))
                                                  )-x_down.endgroup
<forever> ...(nz_-pz_)<=tolerance;if.down_dir(z_b)
                                                  <=0:nz_.else:pz_.fi:=z_b; ...

zsolve->...))<=0:nz_.else:pz_.fi:=(SUFFIX3);endfor
                                                  .endgroup
put_ogonek->...),(1,y_right));zsolve.down_dir(z_b)
                                                  ;x_down':=xpart(lft(direct...
l.196  put_ogonek(the_pen)
                          ;
Maybe Jackowski knows how to change them...

! The direction doesn't occur.
<to be read again> 
                   ;
directionpoint->..."The direction doesn't occur");
                                                  fi.point.a_.of(EXPR3)endgroup
<to be read again> 
                   )
put_ogonek->...of(z_a..controls.z_b.and.z_c..z_d))
                                                  );y_right':=ypart(bot(dire...
l.196  put_ogonek(the_pen)
                          ;
Maybe Jackowski knows how to change them...

! The direction doesn't occur.
<to be read again> 
                   ;
directionpoint->..."The direction doesn't occur");
                                                  fi.point.a_.of(EXPR3)endgroup
<to be read again> 
                   )
put_ogonek->...of(z_a..controls.z_b.and.z_c..z_d))
                                                  );if.abs(x_down'-x_down,y_...
l.196  put_ogonek(the_pen)
                          ;
Maybe Jackowski knows how to change them...

ERROR: `ogonek' iteration hasn't converged! Final values:
x_down=-8.53322 (should be -15)
y_right=-0.00024 (should be 5)
! Probably, you have to change somehow the boundary values.
<to be read again> 
                   ;
put_ogonek->...hange somehow the boundary values";
                                                  fi.z[ii]l=z_a;z[ii]'l=lo.z...
l.196  put_ogonek(the_pen)
                          ;
Maybe Jackowski knows how to change them...

[161] [162] [163]
! The paths don't intersect.
<to be read again> 
                   ;
intersectionpoint->...The paths don't intersect");
                                                  origin.else:0.5[point.x_.o...
<to be read again> 
                   )
l.281 ...))intersectionpoint(z3l{up}...{left}z4l))
                                                  ;
Maybe Jackowski knows how to change them...

[164]
! The paths don't intersect.
<to be read again> 
                   ;
intersectionpoint->...The paths don't intersect");
                                                  origin.else:0.5[point.x_.o...
<to be read again> 
                   )
<for(l)> ...(SUFFIX0)))intersectionpoint.testpath)
                                                  ; ENDFOR
l.320 ...y0$)) intersectionpoint testpath); endfor
                                                  
Maybe Jackowski knows how to change them...

! The paths don't intersect.
<to be read again> 
                   ;
intersectionpoint->...The paths don't intersect");
                                                  origin.else:0.5[point.x_.o...
<to be read again> 
                   )
<for(r)> ...(SUFFIX0)))intersectionpoint.testpath)
                                                  ; ENDFOR
l.320 ...y0$)) intersectionpoint testpath); endfor
                                                  
Maybe Jackowski knows how to change them...

[165]
! The paths don't intersect.
<to be read again> 
                   ;
intersectionpoint->...The paths don't intersect");
                                                  origin.else:0.5[point.x_.o...
<to be read again> 
                   )
<for(l)> ...(SUFFIX0)))intersectionpoint.testpath)
                                                  ; ENDFOR
l.357 ...y0$)) intersectionpoint testpath); endfor
                                                  
Maybe Jackowski knows how to change them...

! The paths don't intersect.
<to be read again> 
                   ;
intersectionpoint->...The paths don't intersect");
                                                  origin.else:0.5[point.x_.o...
<to be read again> 
                   )
<for(r)> ...(SUFFIX0)))intersectionpoint.testpath)
                                                  ; ENDFOR
l.357 ...y0$)) intersectionpoint testpath); endfor
                                                  
Maybe Jackowski knows how to change them...

! The direction doesn't occur.
<to be read again> 
                   ;
directionpoint->..."The direction doesn't occur");
                                                  fi.point.a_.of(EXPR3)endgroup
<to be read again> 
                   )
right_dir->...(z_a..controls.z_b.and(EXPR2)..z_d))
                                                  )-y_right.endgroup
<forever> ...nz_-pz_)<=tolerance;if.right_dir(z_c)
                                                  <=0:nz_.else:pz_.fi:=z_c; ...

zsolve->...))<=0:nz_.else:pz_.fi:=(SUFFIX3);endfor
                                                  .endgroup
down_dir->begingroup.zsolve.right_dir(z_c)
                                          ;lft(xpart(directionpoint.down.of(...
<forever> ...(nz_-pz_)<=tolerance;if.down_dir(z_b)
                                                  <=0:nz_.else:pz_.fi:=z_b; ...

zsolve->...))<=0:nz_.else:pz_.fi:=(SUFFIX3);endfor
                                                  .endgroup
put_ogonek->...),(1,y_right));zsolve.down_dir(z_b)
                                                  ;x_down':=xpart(lft(direct...
l.373  put_ogonek(the_pen)
                          ;
Maybe Jackowski knows how to change them...

! The direction doesn't occur.
<to be read again> 
                   ;
directionpoint->..."The direction doesn't occur");
                                                  fi.point.a_.of(EXPR3)endgroup
<to be read again> 
                   )
right_dir->...(z_a..controls.z_b.and(EXPR2)..z_d))
                                                  )-y_right.endgroup
<forever> ...nz_-pz_)<=tolerance;if.right_dir(z_c)
                                                  <=0:nz_.else:pz_.fi:=z_c; ...

zsolve->...))<=0:nz_.else:pz_.fi:=(SUFFIX3);endfor
                                                  .endgroup
down_dir->begingroup.zsolve.right_dir(z_c)
                                          ;lft(xpart(directionpoint.down.of(...
<forever> ...(nz_-pz_)<=tolerance;if.down_dir(z_b)
                                                  <=0:nz_.else:pz_.fi:=z_b; ...

zsolve->...))<=0:nz_.else:pz_.fi:=(SUFFIX3);endfor
                                                  .endgroup
put_ogonek->...),(1,y_right));zsolve.down_dir(z_b)
                                                  ;x_down':=xpart(lft(direct...
l.373  put_ogonek(the_pen)
                          ;
Maybe Jackowski knows how to change them...

! The direction doesn't occur.
<to be read again> 
                   ;
directionpoint->..."The direction doesn't occur");
                                                  fi.point.a_.of(EXPR3)endgroup
<to be read again> 
                   )
right_dir->...(z_a..controls.z_b.and(EXPR2)..z_d))
                                                  )-y_right.endgroup
<forever> ...nz_-pz_)<=tolerance;if.right_dir(z_c)
                                                  <=0:nz_.else:pz_.fi:=z_c; ...

zsolve->...))<=0:nz_.else:pz_.fi:=(SUFFIX3);endfor
                                                  .endgroup
down_dir->begingroup.zsolve.right_dir(z_c)
                                          ;lft(xpart(directionpoint.down.of(...
<forever> ...(nz_-pz_)<=tolerance;if.down_dir(z_b)
                                                  <=0:nz_.else:pz_.fi:=z_b; ...

zsolve->...))<=0:nz_.else:pz_.fi:=(SUFFIX3);endfor
                                                  .endgroup
put_ogonek->...),(1,y_right));zsolve.down_dir(z_b)
                                                  ;x_down':=xpart(lft(direct...
l.373  put_ogonek(the_pen)
                          ;
Maybe Jackowski knows how to change them...

! The direction doesn't occur.
<to be read again> 
                   ;
directionpoint->..."The direction doesn't occur");
                                                  fi.point.a_.of(EXPR3)endgroup
<to be read again> 
                   )
right_dir->...(z_a..controls.z_b.and(EXPR2)..z_d))
                                                  )-y_right.endgroup
<forever> ...nz_-pz_)<=tolerance;if.right_dir(z_c)
                                                  <=0:nz_.else:pz_.fi:=z_c; ...

zsolve->...))<=0:nz_.else:pz_.fi:=(SUFFIX3);endfor
                                                  .endgroup
down_dir->begingroup.zsolve.right_dir(z_c)
                                          ;lft(xpart(directionpoint.down.of(...
<forever> ...(nz_-pz_)<=tolerance;if.down_dir(z_b)
                                                  <=0:nz_.else:pz_.fi:=z_b; ...

zsolve->...))<=0:nz_.else:pz_.fi:=(SUFFIX3);endfor
                                                  .endgroup
put_ogonek->...),(1,y_right));zsolve.down_dir(z_b)
                                                  ;x_down':=xpart(lft(direct...
l.373  put_ogonek(the_pen)
                          ;
Maybe Jackowski knows how to change them...

! The direction doesn't occur.
<to be read again> 
                   ;
directionpoint->..."The direction doesn't occur");
                                                  fi.point.a_.of(EXPR3)endgroup
<to be read again> 
                   )
right_dir->...(z_a..controls.z_b.and(EXPR2)..z_d))
                                                  )-y_right.endgroup
<forever> ...nz_-pz_)<=tolerance;if.right_dir(z_c)
                                                  <=0:nz_.else:pz_.fi:=z_c; ...

zsolve->...))<=0:nz_.else:pz_.fi:=(SUFFIX3);endfor
                                                  .endgroup
down_dir->begingroup.zsolve.right_dir(z_c)
                                          ;lft(xpart(directionpoint.down.of(...
<forever> ...(nz_-pz_)<=tolerance;if.down_dir(z_b)
                                                  <=0:nz_.else:pz_.fi:=z_b; ...

zsolve->...))<=0:nz_.else:pz_.fi:=(SUFFIX3);endfor
                                                  .endgroup
put_ogonek->...),(1,y_right));zsolve.down_dir(z_b)
                                                  ;x_down':=xpart(lft(direct...
l.373  put_ogonek(the_pen)
                          ;
Maybe Jackowski knows how to change them...

! The direction doesn't occur.
<to be read again> 
                   ;
directionpoint->..."The direction doesn't occur");
                                                  fi.point.a_.of(EXPR3)endgroup
<to be read again> 
                   )
right_dir->...(z_a..controls.z_b.and(EXPR2)..z_d))
                                                  )-y_right.endgroup
<forever> ...nz_-pz_)<=tolerance;if.right_dir(z_c)
                                                  <=0:nz_.else:pz_.fi:=z_c; ...

zsolve->...))<=0:nz_.else:pz_.fi:=(SUFFIX3);endfor
                                                  .endgroup
down_dir->begingroup.zsolve.right_dir(z_c)
                                          ;lft(xpart(directionpoint.down.of(...
<forever> ...(nz_-pz_)<=tolerance;if.down_dir(z_b)
                                                  <=0:nz_.else:pz_.fi:=z_b; ...

zsolve->...))<=0:nz_.else:pz_.fi:=(SUFFIX3);endfor
                                                  .endgroup
put_ogonek->...),(1,y_right));zsolve.down_dir(z_b)
                                                  ;x_down':=xpart(lft(direct...
l.373  put_ogonek(the_pen)
                          ;
Maybe Jackowski knows how to change them...

! The direction doesn't occur.
<to be read again> 
                   ;
directionpoint->..."The direction doesn't occur");
                                                  fi.point.a_.of(EXPR3)endgroup
<to be read again> 
                   )
right_dir->...(z_a..controls.z_b.and(EXPR2)..z_d))
                                                  )-y_right.endgroup
<forever> ...nz_-pz_)<=tolerance;if.right_dir(z_c)
                                                  <=0:nz_.else:pz_.fi:=z_c; ...

zsolve->...))<=0:nz_.else:pz_.fi:=(SUFFIX3);endfor
                                                  .endgroup
down_dir->begingroup.zsolve.right_dir(z_c)
                                          ;lft(xpart(directionpoint.down.of(...
<forever> ...(nz_-pz_)<=tolerance;if.down_dir(z_b)
                                                  <=0:nz_.else:pz_.fi:=z_b; ...

zsolve->...))<=0:nz_.else:pz_.fi:=(SUFFIX3);endfor
                                                  .endgroup
put_ogonek->...),(1,y_right));zsolve.down_dir(z_b)
                                                  ;x_down':=xpart(lft(direct...
l.373  put_ogonek(the_pen)
                          ;
Maybe Jackowski knows how to change them...

! The direction doesn't occur.
<to be read again> 
                   ;
directionpoint->..."The direction doesn't occur");
                                                  fi.point.a_.of(EXPR3)endgroup
<to be read again> 
                   )
right_dir->...(z_a..controls.z_b.and(EXPR2)..z_d))
                                                  )-y_right.endgroup
<forever> ...nz_-pz_)<=tolerance;if.right_dir(z_c)
                                                  <=0:nz_.else:pz_.fi:=z_c; ...

zsolve->...))<=0:nz_.else:pz_.fi:=(SUFFIX3);endfor
                                                  .endgroup
down_dir->begingroup.zsolve.right_dir(z_c)
                                          ;lft(xpart(directionpoint.down.of(...
<forever> ...(nz_-pz_)<=tolerance;if.down_dir(z_b)
                                                  <=0:nz_.else:pz_.fi:=z_b; ...

zsolve->...))<=0:nz_.else:pz_.fi:=(SUFFIX3);endfor
                                                  .endgroup
put_ogonek->...),(1,y_right));zsolve.down_dir(z_b)
                                                  ;x_down':=xpart(lft(direct...
l.373  put_ogonek(the_pen)
                          ;
Maybe Jackowski knows how to change them...

! The direction doesn't occur.
<to be read again> 
                   ;
directionpoint->..."The direction doesn't occur");
                                                  fi.point.a_.of(EXPR3)endgroup
<to be read again> 
                   )
right_dir->...(z_a..controls.z_b.and(EXPR2)..z_d))
                                                  )-y_right.endgroup
<forever> ...nz_-pz_)<=tolerance;if.right_dir(z_c)
                                                  <=0:nz_.else:pz_.fi:=z_c; ...

zsolve->...))<=0:nz_.else:pz_.fi:=(SUFFIX3);endfor
                                                  .endgroup
down_dir->begingroup.zsolve.right_dir(z_c)
                                          ;lft(xpart(directionpoint.down.of(...
<forever> ...(nz_-pz_)<=tolerance;if.down_dir(z_b)
                                                  <=0:nz_.else:pz_.fi:=z_b; ...

zsolve->...))<=0:nz_.else:pz_.fi:=(SUFFIX3);endfor
                                                  .endgroup
put_ogonek->...),(1,y_right));zsolve.down_dir(z_b)
                                                  ;x_down':=xpart(lft(direct...
l.373  put_ogonek(the_pen)
                          ;
Maybe Jackowski knows how to change them...

! The direction doesn't occur.
<to be read again> 
                   ;
directionpoint->..."The direction doesn't occur");
                                                  fi.point.a_.of(EXPR3)endgroup
<to be read again> 
                   )
right_dir->...(z_a..controls.z_b.and(EXPR2)..z_d))
                                                  )-y_right.endgroup
<forever> ...nz_-pz_)<=tolerance;if.right_dir(z_c)
                                                  <=0:nz_.else:pz_.fi:=z_c; ...

zsolve->...))<=0:nz_.else:pz_.fi:=(SUFFIX3);endfor
                                                  .endgroup
down_dir->begingroup.zsolve.right_dir(z_c)
                                          ;lft(xpart(directionpoint.down.of(...
<forever> ...(nz_-pz_)<=tolerance;if.down_dir(z_b)
                                                  <=0:nz_.else:pz_.fi:=z_b; ...

zsolve->...))<=0:nz_.else:pz_.fi:=(SUFFIX3);endfor
                                                  .endgroup
put_ogonek->...),(1,y_right));zsolve.down_dir(z_b)
                                                  ;x_down':=xpart(lft(direct...
l.373  put_ogonek(the_pen)
                          ;
Maybe Jackowski knows how to change them...

! The direction doesn't occur.
<to be read again> 
                   ;
directionpoint->..."The direction doesn't occur");
                                                  fi.point.a_.of(EXPR3)endgroup
<to be read again> 
                   )
right_dir->...(z_a..controls.z_b.and(EXPR2)..z_d))
                                                  )-y_right.endgroup
<forever> ...nz_-pz_)<=tolerance;if.right_dir(z_c)
                                                  <=0:nz_.else:pz_.fi:=z_c; ...

zsolve->...))<=0:nz_.else:pz_.fi:=(SUFFIX3);endfor
                                                  .endgroup
down_dir->begingroup.zsolve.right_dir(z_c)
                                          ;lft(xpart(directionpoint.down.of(...
<forever> ...(nz_-pz_)<=tolerance;if.down_dir(z_b)
                                                  <=0:nz_.else:pz_.fi:=z_b; ...

zsolve->...))<=0:nz_.else:pz_.fi:=(SUFFIX3);endfor
                                                  .endgroup
put_ogonek->...),(1,y_right));zsolve.down_dir(z_b)
                                                  ;x_down':=xpart(lft(direct...
l.373  put_ogonek(the_pen)
                          ;
Maybe Jackowski knows how to change them...

! The direction doesn't occur.
<to be read again> 
                   ;
directionpoint->..."The direction doesn't occur");
                                                  fi.point.a_.of(EXPR3)endgroup
<to be read again> 
                   )
right_dir->...(z_a..controls.z_b.and(EXPR2)..z_d))
                                                  )-y_right.endgroup
<forever> ...nz_-pz_)<=tolerance;if.right_dir(z_c)
                                                  <=0:nz_.else:pz_.fi:=z_c; ...

zsolve->...))<=0:nz_.else:pz_.fi:=(SUFFIX3);endfor
                                                  .endgroup
down_dir->begingroup.zsolve.right_dir(z_c)
                                          ;lft(xpart(directionpoint.down.of(...
<forever> ...(nz_-pz_)<=tolerance;if.down_dir(z_b)
                                                  <=0:nz_.else:pz_.fi:=z_b; ...

zsolve->...))<=0:nz_.else:pz_.fi:=(SUFFIX3);endfor
                                                  .endgroup
put_ogonek->...),(1,y_right));zsolve.down_dir(z_b)
                                                  ;x_down':=xpart(lft(direct...
l.373  put_ogonek(the_pen)
                          ;
Maybe Jackowski knows how to change them...

! The direction doesn't occur.
<to be read again> 
                   ;
directionpoint->..."The direction doesn't occur");
                                                  fi.point.a_.of(EXPR3)endgroup
<to be read again> 
                   )
right_dir->...(z_a..controls.z_b.and(EXPR2)..z_d))
                                                  )-y_right.endgroup
<forever> ...nz_-pz_)<=tolerance;if.right_dir(z_c)
                                                  <=0:nz_.else:pz_.fi:=z_c; ...

zsolve->...))<=0:nz_.else:pz_.fi:=(SUFFIX3);endfor
                                                  .endgroup
down_dir->begingroup.zsolve.right_dir(z_c)
                                          ;lft(xpart(directionpoint.down.of(...
<forever> ...(nz_-pz_)<=tolerance;if.down_dir(z_b)
                                                  <=0:nz_.else:pz_.fi:=z_b; ...

zsolve->...))<=0:nz_.else:pz_.fi:=(SUFFIX3);endfor
                                                  .endgroup
put_ogonek->...),(1,y_right));zsolve.down_dir(z_b)
                                                  ;x_down':=xpart(lft(direct...
l.373  put_ogonek(the_pen)
                          ;
Maybe Jackowski knows how to change them...

! The direction doesn't occur.
<to be read again> 
                   ;
directionpoint->..."The direction doesn't occur");
                                                  fi.point.a_.of(EXPR3)endgroup
<to be read again> 
                   )
right_dir->...(z_a..controls.z_b.and(EXPR2)..z_d))
                                                  )-y_right.endgroup
<forever> ...nz_-pz_)<=tolerance;if.right_dir(z_c)
                                                  <=0:nz_.else:pz_.fi:=z_c; ...

zsolve->...))<=0:nz_.else:pz_.fi:=(SUFFIX3);endfor
                                                  .endgroup
down_dir->begingroup.zsolve.right_dir(z_c)
                                          ;lft(xpart(directionpoint.down.of(...
<forever> ...(nz_-pz_)<=tolerance;if.down_dir(z_b)
                                                  <=0:nz_.else:pz_.fi:=z_b; ...

zsolve->...))<=0:nz_.else:pz_.fi:=(SUFFIX3);endfor
                                                  .endgroup
put_ogonek->...),(1,y_right));zsolve.down_dir(z_b)
                                                  ;x_down':=xpart(lft(direct...
l.373  put_ogonek(the_pen)
                          ;
Maybe Jackowski knows how to change them...

! The direction doesn't occur.
<to be read again> 
                   ;
directionpoint->..."The direction doesn't occur");
                                                  fi.point.a_.of(EXPR3)endgroup
<to be read again> 
                   )
right_dir->...(z_a..controls.z_b.and(EXPR2)..z_d))
                                                  )-y_right.endgroup
<forever> ...nz_-pz_)<=tolerance;if.right_dir(z_c)
                                                  <=0:nz_.else:pz_.fi:=z_c; ...

zsolve->...))<=0:nz_.else:pz_.fi:=(SUFFIX3);endfor
                                                  .endgroup
down_dir->begingroup.zsolve.right_dir(z_c)
                                          ;lft(xpart(directionpoint.down.of(...
<forever> ...(nz_-pz_)<=tolerance;if.down_dir(z_b)
                                                  <=0:nz_.else:pz_.fi:=z_b; ...

zsolve->...))<=0:nz_.else:pz_.fi:=(SUFFIX3);endfor
                                                  .endgroup
put_ogonek->...),(1,y_right));zsolve.down_dir(z_b)
                                                  ;x_down':=xpart(lft(direct...
l.373  put_ogonek(the_pen)
                          ;
Maybe Jackowski knows how to change them...

! The direction doesn't occur.
<to be read again> 
                   ;
directionpoint->..."The direction doesn't occur");
                                                  fi.point.a_.of(EXPR3)endgroup
<to be read again> 
                   )
right_dir->...(z_a..controls.z_b.and(EXPR2)..z_d))
                                                  )-y_right.endgroup
<forever> ...nz_-pz_)<=tolerance;if.right_dir(z_c)
                                                  <=0:nz_.else:pz_.fi:=z_c; ...

zsolve->...))<=0:nz_.else:pz_.fi:=(SUFFIX3);endfor
                                                  .endgroup
down_dir->begingroup.zsolve.right_dir(z_c)
                                          ;lft(xpart(directionpoint.down.of(...
<forever> ...(nz_-pz_)<=tolerance;if.down_dir(z_b)
                                                  <=0:nz_.else:pz_.fi:=z_b; ...

zsolve->...))<=0:nz_.else:pz_.fi:=(SUFFIX3);endfor
                                                  .endgroup
put_ogonek->...),(1,y_right));zsolve.down_dir(z_b)
                                                  ;x_down':=xpart(lft(direct...
l.373  put_ogonek(the_pen)
                          ;
Maybe Jackowski knows how to change them...

! The direction doesn't occur.
<to be read again> 
                   ;
directionpoint->..."The direction doesn't occur");
                                                  fi.point.a_.of(EXPR3)endgroup
<to be read again> 
                   )
right_dir->...(z_a..controls.z_b.and(EXPR2)..z_d))
                                                  )-y_right.endgroup
<forever> ...nz_-pz_)<=tolerance;if.right_dir(z_c)
                                                  <=0:nz_.else:pz_.fi:=z_c; ...

zsolve->...))<=0:nz_.else:pz_.fi:=(SUFFIX3);endfor
                                                  .endgroup
down_dir->begingroup.zsolve.right_dir(z_c)
                                          ;lft(xpart(directionpoint.down.of(...
<forever> ...(nz_-pz_)<=tolerance;if.down_dir(z_b)
                                                  <=0:nz_.else:pz_.fi:=z_b; ...

zsolve->...))<=0:nz_.else:pz_.fi:=(SUFFIX3);endfor
                                                  .endgroup
put_ogonek->...),(1,y_right));zsolve.down_dir(z_b)
                                                  ;x_down':=xpart(lft(direct...
l.373  put_ogonek(the_pen)
                          ;
Maybe Jackowski knows how to change them...

! The direction doesn't occur.
<to be read again> 
                   ;
directionpoint->..."The direction doesn't occur");
                                                  fi.point.a_.of(EXPR3)endgroup
<to be read again> 
                   )
right_dir->...(z_a..controls.z_b.and(EXPR2)..z_d))
                                                  )-y_right.endgroup
<forever> ...nz_-pz_)<=tolerance;if.right_dir(z_c)
                                                  <=0:nz_.else:pz_.fi:=z_c; ...

zsolve->...))<=0:nz_.else:pz_.fi:=(SUFFIX3);endfor
                                                  .endgroup
down_dir->begingroup.zsolve.right_dir(z_c)
                                          ;lft(xpart(directionpoint.down.of(...
<forever> ...(nz_-pz_)<=tolerance;if.down_dir(z_b)
                                                  <=0:nz_.else:pz_.fi:=z_b; ...

zsolve->...))<=0:nz_.else:pz_.fi:=(SUFFIX3);endfor
                                                  .endgroup
put_ogonek->...),(1,y_right));zsolve.down_dir(z_b)
                                                  ;x_down':=xpart(lft(direct...
l.373  put_ogonek(the_pen)
                          ;
Maybe Jackowski knows how to change them...

! The direction doesn't occur.
<to be read again> 
                   ;
directionpoint->..."The direction doesn't occur");
                                                  fi.point.a_.of(EXPR3)endgroup
<to be read again> 
                   )
right_dir->...(z_a..controls.z_b.and(EXPR2)..z_d))
                                                  )-y_right.endgroup
<forever> ...nz_-pz_)<=tolerance;if.right_dir(z_c)
                                                  <=0:nz_.else:pz_.fi:=z_c; ...

zsolve->...))<=0:nz_.else:pz_.fi:=(SUFFIX3);endfor
                                                  .endgroup
down_dir->begingroup.zsolve.right_dir(z_c)
                                          ;lft(xpart(directionpoint.down.of(...
<forever> ...(nz_-pz_)<=tolerance;if.down_dir(z_b)
                                                  <=0:nz_.else:pz_.fi:=z_b; ...

zsolve->...))<=0:nz_.else:pz_.fi:=(SUFFIX3);endfor
                                                  .endgroup
put_ogonek->...),(1,y_right));zsolve.down_dir(z_b)
                                                  ;x_down':=xpart(lft(direct...
l.373  put_ogonek(the_pen)
                          ;
Maybe Jackowski knows how to change them...

! The direction doesn't occur.
<to be read again> 
                   ;
directionpoint->..."The direction doesn't occur");
                                                  fi.point.a_.of(EXPR3)endgroup
<to be read again> 
                   )
right_dir->...(z_a..controls.z_b.and(EXPR2)..z_d))
                                                  )-y_right.endgroup
<forever> ...nz_-pz_)<=tolerance;if.right_dir(z_c)
                                                  <=0:nz_.else:pz_.fi:=z_c; ...

zsolve->...))<=0:nz_.else:pz_.fi:=(SUFFIX3);endfor
                                                  .endgroup
down_dir->begingroup.zsolve.right_dir(z_c)
                                          ;lft(xpart(directionpoint.down.of(...
<forever> ...(nz_-pz_)<=tolerance;if.down_dir(z_b)
                                                  <=0:nz_.else:pz_.fi:=z_b; ...

zsolve->...))<=0:nz_.else:pz_.fi:=(SUFFIX3);endfor
                                                  .endgroup
put_ogonek->...),(1,y_right));zsolve.down_dir(z_b)
                                                  ;x_down':=xpart(lft(direct...
l.373  put_ogonek(the_pen)
                          ;
Maybe Jackowski knows how to change them...

! The direction doesn't occur.
<to be read again> 
                   ;
directionpoint->..."The direction doesn't occur");
                                                  fi.point.a_.of(EXPR3)endgroup
<to be read again> 
                   )
right_dir->...(z_a..controls.z_b.and(EXPR2)..z_d))
                                                  )-y_right.endgroup
<forever> ...nz_-pz_)<=tolerance;if.right_dir(z_c)
                                                  <=0:nz_.else:pz_.fi:=z_c; ...

zsolve->...))<=0:nz_.else:pz_.fi:=(SUFFIX3);endfor
                                                  .endgroup
down_dir->begingroup.zsolve.right_dir(z_c)
                                          ;lft(xpart(directionpoint.down.of(...
<forever> ...(nz_-pz_)<=tolerance;if.down_dir(z_b)
                                                  <=0:nz_.else:pz_.fi:=z_b; ...

zsolve->...))<=0:nz_.else:pz_.fi:=(SUFFIX3);endfor
                                                  .endgroup
put_ogonek->...),(1,y_right));zsolve.down_dir(z_b)
                                                  ;x_down':=xpart(lft(direct...
l.373  put_ogonek(the_pen)
                          ;
Maybe Jackowski knows how to change them...

! The direction doesn't occur.
<to be read again> 
                   ;
directionpoint->..."The direction doesn't occur");
                                                  fi.point.a_.of(EXPR3)endgroup
<to be read again> 
                   )
right_dir->...(z_a..controls.z_b.and(EXPR2)..z_d))
                                                  )-y_right.endgroup
<forever> ...nz_-pz_)<=tolerance;if.right_dir(z_c)
                                                  <=0:nz_.else:pz_.fi:=z_c; ...

zsolve->...))<=0:nz_.else:pz_.fi:=(SUFFIX3);endfor
                                                  .endgroup
down_dir->begingroup.zsolve.right_dir(z_c)
                                          ;lft(xpart(directionpoint.down.of(...
<forever> ...(nz_-pz_)<=tolerance;if.down_dir(z_b)
                                                  <=0:nz_.else:pz_.fi:=z_b; ...

zsolve->...))<=0:nz_.else:pz_.fi:=(SUFFIX3);endfor
                                                  .endgroup
put_ogonek->...),(1,y_right));zsolve.down_dir(z_b)
                                                  ;x_down':=xpart(lft(direct...
l.373  put_ogonek(the_pen)
                          ;
Maybe Jackowski knows how to change them...

! The direction doesn't occur.
<to be read again> 
                   ;
directionpoint->..."The direction doesn't occur");
                                                  fi.point.a_.of(EXPR3)endgroup
<to be read again> 
                   )
right_dir->...(z_a..controls.z_b.and(EXPR2)..z_d))
                                                  )-y_right.endgroup
<forever> ...nz_-pz_)<=tolerance;if.right_dir(z_c)
                                                  <=0:nz_.else:pz_.fi:=z_c; ...

zsolve->...))<=0:nz_.else:pz_.fi:=(SUFFIX3);endfor
                                                  .endgroup
down_dir->begingroup.zsolve.right_dir(z_c)
                                          ;lft(xpart(directionpoint.down.of(...
<forever> ...(nz_-pz_)<=tolerance;if.down_dir(z_b)
                                                  <=0:nz_.else:pz_.fi:=z_b; ...

zsolve->...))<=0:nz_.else:pz_.fi:=(SUFFIX3);endfor
                                                  .endgroup
put_ogonek->...),(1,y_right));zsolve.down_dir(z_b)
                                                  ;x_down':=xpart(lft(direct...
l.373  put_ogonek(the_pen)
                          ;
Maybe Jackowski knows how to change them...

! The direction doesn't occur.
<to be read again> 
                   ;
directionpoint->..."The direction doesn't occur");
                                                  fi.point.a_.of(EXPR3)endgroup
<to be read again> 
                   )
right_dir->...(z_a..controls.z_b.and(EXPR2)..z_d))
                                                  )-y_right.endgroup
<forever> ...nz_-pz_)<=tolerance;if.right_dir(z_c)
                                                  <=0:nz_.else:pz_.fi:=z_c; ...

zsolve->...))<=0:nz_.else:pz_.fi:=(SUFFIX3);endfor
                                                  .endgroup
down_dir->begingroup.zsolve.right_dir(z_c)
                                          ;lft(xpart(directionpoint.down.of(...
<forever> ...(nz_-pz_)<=tolerance;if.down_dir(z_b)
                                                  <=0:nz_.else:pz_.fi:=z_b; ...

zsolve->...))<=0:nz_.else:pz_.fi:=(SUFFIX3);endfor
                                                  .endgroup
put_ogonek->...),(1,y_right));zsolve.down_dir(z_b)
                                                  ;x_down':=xpart(lft(direct...
l.373  put_ogonek(the_pen)
                          ;
Maybe Jackowski knows how to change them...

ERROR: `ogonek' iteration hasn't converged! Final values:
x_down=43.94151 (should be 43)
y_right=-15.3597 (should be 5)
! Probably, you have to change somehow the boundary values.
<to be read again> 
                   ;
put_ogonek->...hange somehow the boundary values";
                                                  fi.z[ii]l=z_a;z[ii]'l=lo.z...
l.373  put_ogonek(the_pen)
                          ;
Maybe Jackowski knows how to change them...

[166] [167] [168] [169] [170] [171] [172] [173] [174] [175] [176]
> 0 SSW 1 WSW 2 (WNW NNW) NNE 3 (NNW) WNW WSW SSW SSE ESE 0 (SSE)
! Strange path (turning number is zero).
<to be read again> 
                   ;
<for(%CAPSULE12672)> ...roke.term.e(7,8,left,1,4);
                                                  fi.penlabels(0,1,1',2,3,4,...
l.722 repeat_once
                 ;
The path doesn't have a counterclockwise orientation,
so I'll probably have trouble drawing it.
(See Chapter 27 of The METAFONTbook for more help.)

[177]
> 0 SSW 1 WSW 2 (WNW NNW) NNE 3 (NNW) WNW WSW SSW SSE ESE 0 (SSE)
! Strange path (turning number is zero).
<to be read again> 
                   ;
l.762  filldraw stroke term.e(7,8,left,1,4);
                                             fi  % lower arc and terminal
The path doesn't have a counterclockwise orientation,
so I'll probably have trouble drawing it.
(See Chapter 27 of The METAFONTbook for more help.)

[178]
> 0 SSW 1 WSW 2 (WNW NNW) NNE 3 (NNW) WNW WSW SSW SSE ESE 0 (SSE)
! Strange path (turning number is zero).
<to be read again> 
                   ;
l.804  filldraw stroke term.e(7,8,left,1,4);
                                             fi  % lower arc and terminal
The path doesn't have a counterclockwise orientation,
so I'll probably have trouble drawing it.
(See Chapter 27 of The METAFONTbook for more help.)

[179] [180] [181] [182] [183]
! Value is too large (-5686.01527).
diag_ratio->...)/(EXPR4);a_=(EXPR2)*(EXPR2)-b_*b_;
                                                  ((EXPR2)*((EXPR5)++(EXPR4)...
l.963 ...ratio(2,bot_stem,y1-y3,x4r-x1l-apex_corr)
                                                  ;
The equation I just processed has given some variable
a value of 4096 or more. Continue and I'll try to cope
with that big value; but it might be dangerous.
(Set warningcheck:=0 to suppress this message.)

! Square root of -5686.01527 has been replaced by 0.
diag_ratio->...((EXPR2)*((EXPR5)++(EXPR4)*sqrt.a_)
                                                  -b_*(EXPR5))/a_/(EXPR4)end...
l.963 ...ratio(2,bot_stem,y1-y3,x4r-x1l-apex_corr)
                                                  ;
Since I don't take square roots of negative numbers,
I'm zeroing this one. Proceed, with fingers crossed.

! Square root of -0.98798 has been replaced by 0.
diag_ratio->...((EXPR2)*((EXPR5)++(EXPR4)*sqrt.a_)
                                                  -b_*(EXPR5))/a_/(EXPR4)end...
l.964 alpha2=diag_ratio(1,bot_stem,y1-y9,x4r-x9)
                                                ;
Since I don't take square roots of negative numbers,
I'm zeroing this one. Proceed, with fingers crossed.

> 0 NNE 1 NNW WNW 2 (WSW) SSW 3 (SSE ESE) ENE NNE ENE ESE SSE SSW 4 5 WSW 0 (WN
W NNW)
! Strange path (turning number is zero).
<to be read again> 
                   ;
l.989  fill stroke z3e---z5e...{left}z6e;
                                           % arc
The path doesn't have a counterclockwise orientation,
so I'll probably have trouble drawing it.
(See Chapter 27 of The METAFONTbook for more help.)

> 0 SSW 1 WSW (SSW SSE) ESE ENE 2 (NNE) NNW 3 NNE ENE 0 (ESE SSE)
! Strange path (turning number is zero).
<to be read again> 
                   ;
l.993  filldraw stroke term.e(6',7,left,1,4);
                                              fi % arc and terminal
The path doesn't have a counterclockwise orientation,
so I'll probably have trouble drawing it.
(See Chapter 27 of The METAFONTbook for more help.)

[184]
! bad penpos (width is negative).
<to be read again> 
                   ;
penpos->...essage"bad penpos (width is negative)";
                                                  fi.fi(x(SUFFIX2)r-x(SUFFIX...
<for(1)> ...y2-y3));penpos1(alpha*(z_stem-tiny),0)
                                                  ;penpos2(alpha*(z_stem-tin...
l.1025 repeat_once
                  ;
Maybe Jackowski knows how to change them...

! bad penpos (width is negative).
<to be read again> 
                   ;
penpos->...essage"bad penpos (width is negative)";
                                                  fi.fi(x(SUFFIX2)r-x(SUFFIX...
<for(1)> ...iny),0);penpos2(alpha*(z_stem-tiny),0)
                                                  ;penpos3(alpha*(z_stem-tin...
l.1025 repeat_once
                  ;
Maybe Jackowski knows how to change them...

! bad penpos (width is negative).
<to be read again> 
                   ;
penpos->...essage"bad penpos (width is negative)";
                                                  fi.fi(x(SUFFIX2)r-x(SUFFIX...
<for(1)> ...iny),0);penpos3(alpha*(z_stem-tiny),0)
                                                  ;penpos4(alpha*(z_stem-tin...
l.1025 repeat_once
                  ;
Maybe Jackowski knows how to change them...

! bad penpos (width is negative).
<to be read again> 
                   ;
penpos->...essage"bad penpos (width is negative)";
                                                  fi.fi(x(SUFFIX2)r-x(SUFFIX...
<for(1)> ...iny),0);penpos4(alpha*(z_stem-tiny),0)
                                                  ;pair.delta;delta=penoffse...
l.1025 repeat_once
                  ;
Maybe Jackowski knows how to change them...

! bad penpos (width is negative).
<to be read again> 
                   ;
penpos->...essage"bad penpos (width is negative)";
                                                  fi.fi(x(SUFFIX2)r-x(SUFFIX...
<for(%CAPSULE9725)> ...pos1(alpha*(z_stem-tiny),0)
                                                  ;penpos2(alpha*(z_stem-tin...
l.1025 repeat_once
                  ;
Maybe Jackowski knows how to change them...

! bad penpos (width is negative).
<to be read again> 
                   ;
penpos->...essage"bad penpos (width is negative)";
                                                  fi.fi(x(SUFFIX2)r-x(SUFFIX...
<for(%CAPSULE9725)> ...pos2(alpha*(z_stem-tiny),0)
                                                  ;penpos3(alpha*(z_stem-tin...
l.1025 repeat_once
                  ;
Maybe Jackowski knows how to change them...

! bad penpos (width is negative).
<to be read again> 
                   ;
penpos->...essage"bad penpos (width is negative)";
                                                  fi.fi(x(SUFFIX2)r-x(SUFFIX...
<for(%CAPSULE9725)> ...pos3(alpha*(z_stem-tiny),0)
                                                  ;penpos4(alpha*(z_stem-tin...
l.1025 repeat_once
                  ;
Maybe Jackowski knows how to change them...

! bad penpos (width is negative).
<to be read again> 
                   ;
penpos->...essage"bad penpos (width is negative)";
                                                  fi.fi(x(SUFFIX2)r-x(SUFFIX...
<for(%CAPSULE9725)> ...pos4(alpha*(z_stem-tiny),0)
                                                  ;pair.delta;delta=penoffse...
l.1025 repeat_once
                  ;
Maybe Jackowski knows how to change them...

[185]
! bad penpos (width is negative).
<to be read again> 
                   ;
penpos->...essage"bad penpos (width is negative)";
                                                  fi.fi(x(SUFFIX2)r-x(SUFFIX...
l.1040 penpos1(alpha*(z_stem-tiny),0)
                                     ; penpos2(alpha*(z_stem-tiny),0);
Maybe Jackowski knows how to change them...

! bad penpos (width is negative).
<to be read again> 
                   ;
penpos->...essage"bad penpos (width is negative)";
                                                  fi.fi(x(SUFFIX2)r-x(SUFFIX...
l.1040 ...tiny),0); penpos2(alpha*(z_stem-tiny),0)
                                                  ;
Maybe Jackowski knows how to change them...

! bad penpos (width is negative).
<to be read again> 
                   ;
penpos->...essage"bad penpos (width is negative)";
                                                  fi.fi(x(SUFFIX2)r-x(SUFFIX...
l.1041 penpos3(alpha*(z_stem-tiny),0)
                                     ; penpos4(alpha*(z_stem-tiny),0);
Maybe Jackowski knows how to change them...

! bad penpos (width is negative).
<to be read again> 
                   ;
penpos->...essage"bad penpos (width is negative)";
                                                  fi.fi(x(SUFFIX2)r-x(SUFFIX...
l.1041 ...tiny),0); penpos4(alpha*(z_stem-tiny),0)
                                                  ;
Maybe Jackowski knows how to change them...

[186]
! bad penpos (width is negative).
<to be read again> 
                   ;
penpos->...essage"bad penpos (width is negative)";
                                                  fi.fi(x(SUFFIX2)r-x(SUFFIX...
<for(1)> ...y2-y3));penpos1(alpha*(z_stem-tiny),0)
                                                  ;penpos2(alpha*(z_stem-tin...
l.1083 repeat_once
                  ;
Maybe Jackowski knows how to change them...

! bad penpos (width is negative).
<to be read again> 
                   ;
penpos->...essage"bad penpos (width is negative)";
                                                  fi.fi(x(SUFFIX2)r-x(SUFFIX...
<for(1)> ...iny),0);penpos2(alpha*(z_stem-tiny),0)
                                                  ;penpos3(alpha*(z_stem-tin...
l.1083 repeat_once
                  ;
Maybe Jackowski knows how to change them...

! bad penpos (width is negative).
<to be read again> 
                   ;
penpos->...essage"bad penpos (width is negative)";
                                                  fi.fi(x(SUFFIX2)r-x(SUFFIX...
<for(1)> ...iny),0);penpos3(alpha*(z_stem-tiny),0)
                                                  ;penpos4(alpha*(z_stem-tin...
l.1083 repeat_once
                  ;
Maybe Jackowski knows how to change them...

! bad penpos (width is negative).
<to be read again> 
                   ;
penpos->...essage"bad penpos (width is negative)";
                                                  fi.fi(x(SUFFIX2)r-x(SUFFIX...
<for(1)> ...iny),0);penpos4(alpha*(z_stem-tiny),0)
                                                  ;pair.delta;delta=penoffse...
l.1083 repeat_once
                  ;
Maybe Jackowski knows how to change them...

! bad penpos (width is negative).
<to be read again> 
                   ;
penpos->...essage"bad penpos (width is negative)";
                                                  fi.fi(x(SUFFIX2)r-x(SUFFIX...
<for(%CAPSULE12840)> ...os1(alpha*(z_stem-tiny),0)
                                                  ;penpos2(alpha*(z_stem-tin...
l.1083 repeat_once
                  ;
Maybe Jackowski knows how to change them...

! bad penpos (width is negative).
<to be read again> 
                   ;
penpos->...essage"bad penpos (width is negative)";
                                                  fi.fi(x(SUFFIX2)r-x(SUFFIX...
<for(%CAPSULE12840)> ...os2(alpha*(z_stem-tiny),0)
                                                  ;penpos3(alpha*(z_stem-tin...
l.1083 repeat_once
                  ;
Maybe Jackowski knows how to change them...

! bad penpos (width is negative).
<to be read again> 
                   ;
penpos->...essage"bad penpos (width is negative)";
                                                  fi.fi(x(SUFFIX2)r-x(SUFFIX...
<for(%CAPSULE12840)> ...os3(alpha*(z_stem-tiny),0)
                                                  ;penpos4(alpha*(z_stem-tin...
l.1083 repeat_once
                  ;
Maybe Jackowski knows how to change them...

! bad penpos (width is negative).
<to be read again> 
                   ;
penpos->...essage"bad penpos (width is negative)";
                                                  fi.fi(x(SUFFIX2)r-x(SUFFIX...
<for(%CAPSULE12840)> ...os4(alpha*(z_stem-tiny),0)
                                                  ;pair.delta;delta=penoffse...
l.1083 repeat_once
                  ;
Maybe Jackowski knows how to change them...

[187] [188]) (/usr/share/texmf-dist/fonts/source/jknappen/ec/exbraces.mf
 Ok [94] [126] [23] [40] [41] [60] [124] [62] [91] [93] [92] [123] [125]
[95] [127] [32]) (/usr/share/texmf-dist/fonts/source/jknappen/ec/expunct.mf
 Ok [14] [15] [19] [20] [13] [18] [33] [39] [42] [43] [44] [46] [47] [58]
[59] [61] [96] [189] [17] [45] [16] [21] [22])
(/usr/share/texmf-dist/fonts/source/jknappen/ec/exaccent.mf
 Ok [0] [1]
> 0 ENE 1 ESE 2 (SSE SSW) WSW 3 (SSW SSE) ESE 4 ENE 5 (NNE NNW WNW) WSW 6 (WNW 
NNW NNE) ENE 0
! Strange path (turning number is zero).
<to be read again> 
                   ;
lowercase_hat->...z[(EXPR7)]r--z[(EXPR8)]r--cycle;
                                                  fi.endgroup
l.36 lowercase_hat(.5w,oo,1,2,3,4,5)
                                    ;
The path doesn't have a counterclockwise orientation,
so I'll probably have trouble drawing it.
(See Chapter 27 of The METAFONTbook for more help.)

[2] [3] [4] [5] [6] [7] [8] [9] [10] [11] [12])
(/usr/share/texmf-dist/fonts/source/jknappen/ec/exsign.mf
 Ok [24] [34] [35] [36] [37] [64] [191] [159])
(/usr/share/texmf-dist/fonts/source/jknappen/ec/exrlig.mf
 Ok [25] [26] [28] [27] [29] [30] [31])
(/usr/share/texmf-dist/fonts/source/jknappen/ec/exromp.mf
 Ok [38]
> 0 NNE 1 (NNW WNW) WSW SSW 2 SSE 3 SSW WSW WNW NNW NNE ENE 0
! Strange path (turning number is zero).
<to be read again> 
                   ;
l.83  filldraw stroke term.e(2,1,left,1,4);
                                            fi  % terminal
The path doesn't have a counterclockwise orientation,
so I'll probably have trouble drawing it.
(See Chapter 27 of The METAFONTbook for more help.)

[63]
> 0 SSW 1 (SSE ESE) ENE NNE 2 NNW 3 (NNE) ENE ESE SSE SSW WSW 0
! Strange path (turning number is zero).
<to be read again> 
                   ;
l.104  filldraw stroke term.e(2,1,right,1,4);
                                              fi  % terminal
The path doesn't have a counterclockwise orientation,
so I'll probably have trouble drawing it.
(See Chapter 27 of The METAFONTbook for more help.)

[190]) (/usr/share/texmf-dist/fonts/source/jknappen/ec/exrulett.mf
 Ok
! Square root of -661.19774 has been replaced by 0.
diag_ratio->...((EXPR2)*((EXPR5)++(EXPR4)*sqrt.a_)
                                                  -b_*(EXPR5))/a_/(EXPR4)end...
l.27 ...ratio(2,left_stem,y2-y1,x4r-x1l-apex_corr)
                                                  ;
Since I don't take square roots of negative numbers,
I'm zeroing this one. Proceed, with fingers crossed.

> 0 WNW 1 (NNW NNE) ENE 2 4 (NNE NNW) WNW 5 WSW 6 7 8 9 (SSW SSE ESE) ENE 10 12
 (ESE SSE SSW) WSW 0
! Strange path (turning number is zero).
<to be read again> 
                   ;
l.36   --diag_end(2l,1l,1,1,1r,0)--cycle;
                                          fi % left and right diagonals
The path doesn't have a counterclockwise orientation,
so I'll probably have trouble drawing it.
(See Chapter 27 of The METAFONTbook for more help.)

[65] [66] [67] [68] [69] [70] [71] [72] [73]
> 0 ENE 1 (ESE SSE) SSW WSW WNW NNW WNW 2 WSW 3 (WNW NNW) NNE 4 (NNW WNW WSW) S
SW WSW SSW SSE ESE 5 SSE ESE ENE NNE 0
! Strange path (turning number is zero).
<to be read again> 
                   ;
l.290 ...stroke z3e{down}....term.e(4,5,left,1,4);
                                                   fi % arc and terminal
The path doesn't have a counterclockwise orientation,
so I'll probably have trouble drawing it.
(See Chapter 27 of The METAFONTbook for more help.)

[74]
! Square root of -3283.35362 has been replaced by 0.
diag_ratio->...((EXPR2)*((EXPR5)++(EXPR4)*sqrt.a_)
                                                  -b_*(EXPR5))/a_/(EXPR4)end...
l.308 ...diag_ratio(1,.5(stem1-tiny),y3-y4,x3r-x4)
                                                  ;
Since I don't take square roots of negative numbers,
I'm zeroing this one. Proceed, with fingers crossed.

! Square root of -766.62462 has been replaced by 0.
diag_ratio->...((EXPR2)*((EXPR5)++(EXPR4)*sqrt.a_)
                                                  -b_*(EXPR5))/a_/(EXPR4)end...
l.310 ...diag_ratio(1,.5(stem2-tiny),y1-y6,x6r-x1)
                                                  ;
Since I don't take square roots of negative numbers,
I'm zeroing this one. Proceed, with fingers crossed.

> 0 NNE 1 (NNW WNW) WSW 2 4 (WNW NNW) NNE 5 (ENE ESE SSE) SSW 0 (SSE ESE ENE)
! Strange path (turning number is zero).
<to be read again> 
                   ;
l.319 ...diag_end(4r,3'r,1,.5,3'l,4l)--z4l--cycle;
                                                    % upper diagonal
The path doesn't have a counterclockwise orientation,
so I'll probably have trouble drawing it.
(See Chapter 27 of The METAFONTbook for more help.)

> 0 NNW 2 (NNE) ENE 4 (NNE) NNW 5 (WNW WSW) SSW 0 (WSW WNW)
! Strange path (turning number is zero).
<to be read again> 
                   ;
l.320 ...diag_end(5l,6'l,.5,1,6'r,5r)--z5r--cycle;
                                                    % lower diagonal
The path doesn't have a counterclockwise orientation,
so I'll probably have trouble drawing it.
(See Chapter 27 of The METAFONTbook for more help.)

[75] [76] [77] [78] [79] [80] [81] [82] [83] [84] [85]
! Square root of -661.52284 has been replaced by 0.
diag_ratio->...((EXPR2)*((EXPR5)++(EXPR4)*sqrt.a_)
                                                  -b_*(EXPR5))/a_/(EXPR4)end...
l.599 ...tio(2,right_stem,y1-y2,x4r-x1l-apex_corr)
                                                  ;
Since I don't take square roots of negative numbers,
I'm zeroing this one. Proceed, with fingers crossed.

> 0 WSW 1 (SSW SSE ESE) ENE 2 4 (ESE SSE SSW) WSW 6 8 WNW 10 (NNW NNE) ENE 12 (
NNE NNW) WNW 0
! Strange path (turning number is zero).
<to be read again> 
                   ;
l.608     --diag_end(2l,1l,1,1,1r,0)--cycle;
                                             fi % left and right diagonals
The path doesn't have a counterclockwise orientation,
so I'll probably have trouble drawing it.
(See Chapter 27 of The METAFONTbook for more help.)

[86]
! Square root of -3096.56932 has been replaced by 0.
diag_ratio->...((EXPR2)*((EXPR5)++(EXPR4)*sqrt.a_)
                                                  -b_*(EXPR5))/a_/(EXPR4)end...
l.630 ...+stem4,y1-y2,x8r-x1l+mid_corr-2apex_corr)
                                                  ;
Since I don't take square roots of negative numbers,
I'm zeroing this one. Proceed, with fingers crossed.

[87]
! Square root of -654.7721 has been replaced by 0.
diag_ratio->...((EXPR2)*((EXPR5)++(EXPR4)*sqrt.a_)
                                                  -b_*(EXPR5))/a_/(EXPR4)end...
l.676 alpha1=diag_ratio(1,stem1,h,x4r-x1l)
                                          ;
Since I don't take square roots of negative numbers,
I'm zeroing this one. Proceed, with fingers crossed.

! Square root of -654.7721 has been replaced by 0.
diag_ratio->...((EXPR2)*((EXPR5)++(EXPR4)*sqrt.a_)
                                                  -b_*(EXPR5))/a_/(EXPR4)end...
l.677 alpha2=diag_ratio(1,stem2,h,x2r-x3l)
                                          ;
Since I don't take square roots of negative numbers,
I'm zeroing this one. Proceed, with fingers crossed.

[88]
> 0 WSW 2 (SSW SSE ESE) ENE 3 4 (ESE SSE SSW) WSW 5 (SSW) SSE 7 (SSW) WSW 9 (WN
W) NNW 10 WNW 11 (NNW NNE) ENE 12 14 (NNE NNW) WNW 0
! Strange path (turning number is zero).
<to be read again> 
                   ;
l.727     --diag_end(2l,1l,1,1,1r,0)--cycle;
                                             fi  % diagonals and stem
The path doesn't have a counterclockwise orientation,
so I'll probably have trouble drawing it.
(See Chapter 27 of The METAFONTbook for more help.)

[89]
! bad penpos (width is negative).
<to be read again> 
                   ;
penpos->...essage"bad penpos (width is negative)";
                                                  fi.fi(x(SUFFIX2)r-x(SUFFIX...
l.751 penpos1(alpha*(z_stem-tiny),0)
                                    ; penpos2(alpha*(z_stem-tiny),0);
Maybe Jackowski knows how to change them...

! bad penpos (width is negative).
<to be read again> 
                   ;
penpos->...essage"bad penpos (width is negative)";
                                                  fi.fi(x(SUFFIX2)r-x(SUFFIX...
l.751 ...-tiny),0); penpos2(alpha*(z_stem-tiny),0)
                                                  ;
Maybe Jackowski knows how to change them...

! bad penpos (width is negative).
<to be read again> 
                   ;
penpos->...essage"bad penpos (width is negative)";
                                                  fi.fi(x(SUFFIX2)r-x(SUFFIX...
l.752 penpos3(alpha*(z_stem-tiny),0)
                                    ; penpos4(alpha*(z_stem-tiny),0);
Maybe Jackowski knows how to change them...

! bad penpos (width is negative).
<to be read again> 
                   ;
penpos->...essage"bad penpos (width is negative)";
                                                  fi.fi(x(SUFFIX2)r-x(SUFFIX...
l.752 ...-tiny),0); penpos4(alpha*(z_stem-tiny),0)
                                                  ;
Maybe Jackowski knows how to change them...

[90]) (/usr/share/texmf-dist/fonts/source/jknappen/ec/exrllett.mf
 Ok [97]
! The paths don't intersect.
<to be read again> 
                   ;
intersectionpoint->...The paths don't intersect");
                                                  origin.else:0.5[point.x_.o...
<to be read again> 
                   )
l.84 ...))intersectionpoint(z3l{up}...{right}z4l))
                                                  ;
Maybe Jackowski knows how to change them...

! The paths don't intersect.
<to be read again> 
                   ;
intersectionpoint->...The paths don't intersect");
                                                  origin.else:0.5[point.x_.o...
<to be read again> 
                   )
l.85 ...0))intersectionpoint(z6l{left}...{up}z7l))
                                                  ;
Maybe Jackowski knows how to change them...

[98] [99]
! The paths don't intersect.
<to be read again> 
                   ;
intersectionpoint->...The paths don't intersect");
                                                  origin.else:0.5[point.x_.o...
<to be read again> 
                   )
l.141 ...))intersectionpoint(z3l{up}...{left}z4l))
                                                  ;
Maybe Jackowski knows how to change them...

[100]
! The paths don't intersect.
<to be read again> 
                   ;
intersectionpoint->...The paths don't intersect");
                                                  origin.else:0.5[point.x_.o...
<to be read again> 
                   )
<for(l)> ...(SUFFIX0)))intersectionpoint.testpath)
                                                  ; ENDFOR
l.178 ...y0$)) intersectionpoint testpath); endfor
                                                  
Maybe Jackowski knows how to change them...

! The paths don't intersect.
<to be read again> 
                   ;
intersectionpoint->...The paths don't intersect");
                                                  origin.else:0.5[point.x_.o...
<to be read again> 
                   )
<for(r)> ...(SUFFIX0)))intersectionpoint.testpath)
                                                  ; ENDFOR
l.178 ...y0$)) intersectionpoint testpath); endfor
                                                  
Maybe Jackowski knows how to change them...

[101] [102] [103] [104] [105] [106]
! Square root of -183.28883 has been replaced by 0.
diag_ratio->...((EXPR2)*((EXPR5)++(EXPR4)*sqrt.a_)
                                                  -b_*(EXPR5))/a_/(EXPR4)end...
l.364 ...diag_ratio(1,.5(stem3-tiny),y3-y4,x3r-x4)
                                                  ;
Since I don't take square roots of negative numbers,
I'm zeroing this one. Proceed, with fingers crossed.

! Square root of -1462.0625 has been replaced by 0.
diag_ratio->...((EXPR2)*((EXPR5)++(EXPR4)*sqrt.a_)
                                                  -b_*(EXPR5))/a_/(EXPR4)end...
l.365 ...iag_ratio(1,.5(stem4-tiny),y11-y6,x6r-x1)
                                                  ;
Since I don't take square roots of negative numbers,
I'm zeroing this one. Proceed, with fingers crossed.

> 0 NNE 2 (NNW WNW) WSW 4 (WNW NNW) NNE 5 (ENE ESE SSE) SSW 0 (SSE ESE ENE)
! Strange path (turning number is zero).
<to be read again> 
                   ;
l.374 ...diag_end(4r,3'r,1,.5,3'l,4l)--z4l--cycle;
                                                    % upper diagonal
The path doesn't have a counterclockwise orientation,
so I'll probably have trouble drawing it.
(See Chapter 27 of The METAFONTbook for more help.)

> 0 NNW 2 (NNE) ENE 4 (NNE) NNW 5 (WNW WSW) SSW 0 (WSW WNW)
! Strange path (turning number is zero).
<to be read again> 
                   ;
l.375 ...diag_end(5l,6'l,.5,1,6'r,5r)--z5r--cycle;
                                                    % lower diagonal
The path doesn't have a counterclockwise orientation,
so I'll probably have trouble drawing it.
(See Chapter 27 of The METAFONTbook for more help.)

[107] [108] [109] [110] [111]
! The paths don't intersect.
<to be read again> 
                   ;
intersectionpoint->...The paths don't intersect");
                                                  origin.else:0.5[point.x_.o...
<to be read again> 
                   )
l.477 ...)intersectionpoint(z3l{up}...{right}z4l))
                                                  ;
Maybe Jackowski knows how to change them...

[112]
! The paths don't intersect.
<to be read again> 
                   ;
intersectionpoint->...The paths don't intersect");
                                                  origin.else:0.5[point.x_.o...
<to be read again> 
                   )
l.506 ...))intersectionpoint(z3l{up}...{left}z4l))
                                                  ;
Maybe Jackowski knows how to change them...

! The paths don't intersect.
<to be read again> 
                   ;
intersectionpoint->...The paths don't intersect");
                                                  origin.else:0.5[point.x_.o...
<to be read again> 
                   )
l.507 ...)intersectionpoint(z6l{right}...{up}z7l))
                                                  ;
Maybe Jackowski knows how to change them...

[113] [114]
> 0 SSW 1 WSW 2 (WNW NNW) NNE 3 (NNW) WNW WSW SSW SSE ESE 0 (SSE)
! Strange path (turning number is zero).
<to be read again> 
                   ;
l.577  filldraw stroke term.e(7,8,left,1,4);
                                             fi  % lower arc and terminal
The path doesn't have a counterclockwise orientation,
so I'll probably have trouble drawing it.
(See Chapter 27 of The METAFONTbook for more help.)

[115] [116] [117]
! Value is too large (-5861.92937).
diag_ratio->...)/(EXPR4);a_=(EXPR2)*(EXPR2)-b_*b_;
                                                  ((EXPR2)*((EXPR5)++(EXPR4)...
l.653 ...tio(2,right_stem,y1-y2,x4r-x1l-apex_corr)
                                                  ;
The equation I just processed has given some variable
a value of 4096 or more. Continue and I'll try to cope
with that big value; but it might be dangerous.
(Set warningcheck:=0 to suppress this message.)

! Square root of -5861.92937 has been replaced by 0.
diag_ratio->...((EXPR2)*((EXPR5)++(EXPR4)*sqrt.a_)
                                                  -b_*(EXPR5))/a_/(EXPR4)end...
l.653 ...tio(2,right_stem,y1-y2,x4r-x1l-apex_corr)
                                                  ;
Since I don't take square roots of negative numbers,
I'm zeroing this one. Proceed, with fingers crossed.

[118]
! Square root of -1341.48215 has been replaced by 0.
diag_ratio->...((EXPR2)*((EXPR5)++(EXPR4)*sqrt.a_)
                                                  -b_*(EXPR5))/a_/(EXPR4)end...
l.685 ...+stem4,y1-y2,x8r-x1l+mid_corr-2apex_corr)
                                                  ;
Since I don't take square roots of negative numbers,
I'm zeroing this one. Proceed, with fingers crossed.

[119]
! Value is too large (-5807.89313).
diag_ratio->...)/(EXPR4);a_=(EXPR2)*(EXPR2)-b_*b_;
                                                  ((EXPR2)*((EXPR5)++(EXPR4)...
l.730 alpha1=diag_ratio(1,stem1,h,x4r-x1l)
                                          ;
The equation I just processed has given some variable
a value of 4096 or more. Continue and I'll try to cope
with that big value; but it might be dangerous.
(Set warningcheck:=0 to suppress this message.)

! Square root of -5807.89313 has been replaced by 0.
diag_ratio->...((EXPR2)*((EXPR5)++(EXPR4)*sqrt.a_)
                                                  -b_*(EXPR5))/a_/(EXPR4)end...
l.730 alpha1=diag_ratio(1,stem1,h,x4r-x1l)
                                          ;
Since I don't take square roots of negative numbers,
I'm zeroing this one. Proceed, with fingers crossed.

! Value is too large (-5807.89313).
diag_ratio->...)/(EXPR4);a_=(EXPR2)*(EXPR2)-b_*b_;
                                                  ((EXPR2)*((EXPR5)++(EXPR4)...
l.731 alpha2=diag_ratio(1,stem2,h,x2r-x3l)
                                          ;
The equation I just processed has given some variable
a value of 4096 or more. Continue and I'll try to cope
with that big value; but it might be dangerous.
(Set warningcheck:=0 to suppress this message.)

! Square root of -5807.89313 has been replaced by 0.
diag_ratio->...((EXPR2)*((EXPR5)++(EXPR4)*sqrt.a_)
                                                  -b_*(EXPR5))/a_/(EXPR4)end...
l.731 alpha2=diag_ratio(1,stem2,h,x2r-x3l)
                                          ;
Since I don't take square roots of negative numbers,
I'm zeroing this one. Proceed, with fingers crossed.

[120]
! Value is too large (-5686.01527).
diag_ratio->...)/(EXPR4);a_=(EXPR2)*(EXPR2)-b_*b_;
                                                  ((EXPR2)*((EXPR5)++(EXPR4)...
l.773 ...ratio(2,bot_stem,y1-y3,x4r-x1l-apex_corr)
                                                  ;
The equation I just processed has given some variable
a value of 4096 or more. Continue and I'll try to cope
with that big value; but it might be dangerous.
(Set warningcheck:=0 to suppress this message.)

! Square root of -5686.01527 has been replaced by 0.
diag_ratio->...((EXPR2)*((EXPR5)++(EXPR4)*sqrt.a_)
                                                  -b_*(EXPR5))/a_/(EXPR4)end...
l.773 ...ratio(2,bot_stem,y1-y3,x4r-x1l-apex_corr)
                                                  ;
Since I don't take square roots of negative numbers,
I'm zeroing this one. Proceed, with fingers crossed.

! Square root of -0.98798 has been replaced by 0.
diag_ratio->...((EXPR2)*((EXPR5)++(EXPR4)*sqrt.a_)
                                                  -b_*(EXPR5))/a_/(EXPR4)end...
l.774 alpha2=diag_ratio(1,bot_stem,y1-y9,x4r-x9)
                                                ;
Since I don't take square roots of negative numbers,
I'm zeroing this one. Proceed, with fingers crossed.

> 0 NNE 1 NNW WNW 2 (WSW) SSW 3 (SSE ESE) ENE NNE ENE ESE SSE SSW 4 5 WSW 0 (WN
W NNW)
! Strange path (turning number is zero).
<to be read again> 
                   ;
l.799  fill stroke z3e---z5e...{left}z6e;
                                           % arc
The path doesn't have a counterclockwise orientation,
so I'll probably have trouble drawing it.
(See Chapter 27 of The METAFONTbook for more help.)

> 0 SSW 1 WSW (SSW SSE) ESE ENE 2 (NNE) NNW 3 NNE ENE 0 (ESE SSE)
! Strange path (turning number is zero).
<to be read again> 
                   ;
l.803  filldraw stroke term.e(6',7,left,1,4);
                                              fi % arc and terminal
The path doesn't have a counterclockwise orientation,
so I'll probably have trouble drawing it.
(See Chapter 27 of The METAFONTbook for more help.)

[121]
! bad penpos (width is negative).
<to be read again> 
                   ;
penpos->...essage"bad penpos (width is negative)";
                                                  fi.fi(x(SUFFIX2)r-x(SUFFIX...
l.818 penpos1(alpha*(z_stem-tiny),0)
                                    ; penpos2(alpha*(z_stem-tiny),0);
Maybe Jackowski knows how to change them...

! bad penpos (width is negative).
<to be read again> 
                   ;
penpos->...essage"bad penpos (width is negative)";
                                                  fi.fi(x(SUFFIX2)r-x(SUFFIX...
l.818 ...-tiny),0); penpos2(alpha*(z_stem-tiny),0)
                                                  ;
Maybe Jackowski knows how to change them...

! bad penpos (width is negative).
<to be read again> 
                   ;
penpos->...essage"bad penpos (width is negative)";
                                                  fi.fi(x(SUFFIX2)r-x(SUFFIX...
l.819 penpos3(alpha*(z_stem-tiny),0)
                                    ; penpos4(alpha*(z_stem-tiny),0);
Maybe Jackowski knows how to change them...

! bad penpos (width is negative).
<to be read again> 
                   ;
penpos->...essage"bad penpos (width is negative)";
                                                  fi.fi(x(SUFFIX2)r-x(SUFFIX...
l.819 ...-tiny),0); penpos4(alpha*(z_stem-tiny),0)
                                                  ;
Maybe Jackowski knows how to change them...

[122]) (/usr/share/texmf-dist/fonts/source/jknappen/ec/exrdigit.mf
 Ok [48]
> 0 WNW 1 (WSW) SSW 2 (SSE ESE) ENE 3 (ESE SSE) SSW 0 (WSW)
! Strange path (turning number is zero).
<to be read again> 
                   ;
erase->...fault_wt_:=_;cullit;(TEXT0)withweight._;
                                                  cullit;endgroup
<to be read again> 
                   ;
l.53  --(x4l,h+o+1)--(x3l,h+o+1)--cycle;
                                         % erase excess at top
The path doesn't have a counterclockwise orientation,
so I'll probably have trouble drawing it.
(See Chapter 27 of The METAFONTbook for more help.)

[49]
> 0 NNE 1 (NNW WNW) WSW 2 SSW 3 WSW 0 (WNW NNW)
! Strange path (turning number is zero).
<to be read again> 
                   ;
erase->...fault_wt_:=_;cullit;(TEXT0)withweight._;
                                                  cullit;endgroup
<to be read again> 
                   ;
l.79 ...l z4l--z6l--lft z6l--(lft x6l,y4l)--cycle;
                                                    % erase excess at left
The path doesn't have a counterclockwise orientation,
so I'll probably have trouble drawing it.
(See Chapter 27 of The METAFONTbook for more help.)

[50] [51]
! Square root of -24.00214 has been replaced by 0.
diag_ratio->...((EXPR2)*((EXPR5)++(EXPR4)*sqrt.a_)
                                                  -b_*(EXPR5))/a_/(EXPR4)end...
l.139 ...ha=diag_ratio(1,diag_stem,y3-y4l,x3r-x4l)
                                                  ;
Since I don't take square roots of negative numbers,
I'm zeroing this one. Proceed, with fingers crossed.

> 1 WSW 3 (WNW NNW NNE) ENE 5 (ESE SSE) SSW 6 (SSE ESE) ENE 7 NNE 8 (NNW WNW) W
SW WNW NNW 9 (NNE) ENE 10 (ESE SSE) SSW 11 (SSE ESE) ENE 12 NNE 1 (NNW WNW)
! Strange path (turning number is zero).
<to be read again> 
                   ;
l.147  --z2l--z2r--cycle;
                           % diagonal and upper stem
The path doesn't have a counterclockwise orientation,
so I'll probably have trouble drawing it.
(See Chapter 27 of The METAFONTbook for more help.)

[52]
> 1 WSW 2 (WNW NNW) NNE 3 (NNW WNW) WSW SSW SSE ESE SSE 1 (SSW)
! Strange path (turning number is zero).
<to be read again> 
                   ;
erase->...fault_wt_:=_;cullit;(TEXT0)withweight._;
                                                  cullit;endgroup
<to be read again> 
                   ;
l.172  ..tension .9 and 1..{x5-x6,3(y5-y6)}cycle;
                                                  % erase excess in middle
The path doesn't have a counterclockwise orientation,
so I'll probably have trouble drawing it.
(See Chapter 27 of The METAFONTbook for more help.)

[53]
> 0 NNE 1 (ENE) ESE SSE SSW WSW WNW 2 (WSW) SSW 3 (SSE) ESE ENE NNE NNW WNW 0 (
NNW)
! Strange path (turning number is zero).
<to be read again> 
                   ;
l.225  filldraw stroke term.e(2,1,right,.9,4);
                                               fi  % terminal
The path doesn't have a counterclockwise orientation,
so I'll probably have trouble drawing it.
(See Chapter 27 of The METAFONTbook for more help.)

[54] [55] [56] [57])
(/usr/share/texmf-dist/fonts/source/jknappen/ec/exrligtb.mf
 Ok) ) ) ) 
Here is how much of METAFONT's memory you used:
 748 strings out of 5263
 8294 string characters out of 69837
 43394 words of memory out of 5000000
 1544 symbolic tokens out of 9500
 13i,79n,0r,23p,240b stack positions out of 300i,300n,1000r,150p,200000b
 
(You used 70w,16h,9d,18i,370l,9k,0e,16p metric file positions
  out of 256w,16h,16d,64i,15000l,2500k,256e,60p)

Font metrics written on ecss0.tfm.
Output written on ecss0.1020gf (256 characters, 107484 bytes).
